0,0.006098069736392834,0.023838102793444785,1,1
1,0.00670169189406266,0.02371235001138054,1,1
2,0.004756141156363674,0.01239013775912676,1,1
3,0.014668329287719814,0.02218296476471742,1,1
4,0.01868056665665115,0.042279097970886435,1,1
5,0.001716128296925035,0.004212629580671434,1,1
6,0.006588928105495532,0.01652948884145851,1,1
7,0.006454968635315694,0.024464746160353275,1,1
8,0.018584275398465647,0.0266727517836728,1,1
9,0.0442959956686266,0.03582785381417602,0,1
10,0.004558387546624553,0.02260556357916091,1,1
11,0.01761078827384972,0.042523593232128495,1,1
12,0.019222763418000364,0.047632849459573356,1,1
13,0.013412638681187238,0.0355459421821455,1,1
14,0.01446452631229053,0.03565520932463531,1,1
15,0.010194968003977758,0.0397696553026804,1,1
16,0.01808462981885384,0.022930305801416907,1,1
17,0.007057196163252358,0.01666678280895843,1,1
18,0.012166517573904516,0.02182693935175005,1,1
19,0.0023702167752452175,0.020259371238242042,1,1
20,0.018163491127764216,0.04255520991835157,1,1
21,0.004325893910240715,0.011164450527881876,1,1
22,0.0011896764746635255,0.015172676520850128,1,1
23,0.013895150138473759,0.04120965139873915,1,1
24,0.03007360727429682,0.03660339042026337,1,1
25,0.014103626163861144,0.021727023874845767,1,1
26,0.028472849043602432,0.04047348314443567,1,1
27,0.011198186079527325,0.016586636133207266,1,1
28,0.005198044389574359,0.020764441110249155,1,1
29,0.00536409561490318,0.0028958644463180556,0,1
30,0.003590867018760135,0.018032042246816763,1,1
31,0.008184027364953966,0.015178550443471018,1,1
32,0.0003737839177245983,0.0014630416824994166,1,1
33,0.01482749442950246,0.049515180096865785,1,1
34,0.0025990597978407626,0.008504042744034965,1,1
35,0.0033651679654166473,0.016086231481504728,1,1
36,0.0050893348090147875,0.023992227251891388,1,1
37,0.005018527158380767,0.02185204670397809,1,1
38,0.014840500787802104,0.021054392198528695,1,1
39,0.01748488918459007,0.022021744636134665,1,1
40,0.01205401419763547,0.014108921647374538,1,1
41,0.0019319894306472404,0.011485327865132488,1,1
42,0.0197354933014469,0.04637165124994511,1,1
43,0.013233137966254225,0.01867085309779988,1,1
44,0.016362327483336096,0.022006260164281175,1,1
45,0.0053441037361292255,0.006326757657474621,1,1
46,0.0026691058346373984,0.01851960925827465,1,1
47,0.011023206341853591,0.023027167665209097,1,1
48,0.015540774416107855,0.026784797055467276,1,1
49,0.0,0.0005,1,1
50,0.002237681589640038,0.01064387887175278,1,1
51,0.025292647543387062,0.035684792463878325,1,1
52,0.0033499091635797937,0.01568386749438854,1,1
53,0.005959575388510092,0.012356397412406805,1,1
54,0.011323129696356734,0.02192426472788128,1,1
55,0.04282844871936667,0.050483781073680074,1,1
56,0.007565650649800013,0.031684770187688574,1,1
57,0.015080790641597685,0.026518240893653653,1,1
58,0.007890075989428171,0.02453102397520641,1,1
59,0.007402307863327581,0.019449407409584438,1,1
60,0.023378747732140763,0.04482302179295074,1,1
61,0.006079491921960342,0.011245552144412292,1,1
62,0.022600123146201592,0.012219431520003323,0,1
63,0.0054623267674275885,0.014882291201227141,1,1
64,0.00889482709637886,0.023743487708949063,1,1
65,0.005845331199817546,0.009393065086275347,1,1
66,0.0016276925770096215,0.003785105814229786,1,1
67,0.027452696560550424,0.045166093627293166,1,1
68,0.03823647045280582,0.014014182231064126,0,1
69,0.009502174825272153,0.016925697539644374,1,1
70,0.00776867643312195,0.010304714153332754,1,1
71,0.038730586969419646,0.04812111834942694,1,1
72,0.0064684074013701106,0.021183011980154313,1,1
73,0.01082194608909281,0.011517885921598312,1,1
74,0.004362660137127469,0.0065178033804870715,1,1
75,0.006018204233982703,0.011081573850609526,1,1
76,0.011331885767966938,0.016768759651476534,1,1
77,0.0037726598497874603,0.015556621860671263,1,1
78,0.004607863129498873,0.007601505989823089,1,1
79,0.016432322844792884,0.033301210732125296,1,1
80,0.034380560359233564,0.01285912586561968,0,1
81,0.0030210184331305717,0.0019362964974812625,0,1
82,0.007213651913968424,0.009195949420639598,1,1
83,0.010544524752431816,0.024545038451463184,1,1
84,0.006373684569876715,0.01446270979691686,1,1
85,0.0016208881291974332,0.007253795639575063,1,1
86,0.009697520431171237,0.024435105997437184,1,1
87,0.00515015629156019,0.012012464644695233,1,1
88,0.0013879167906682502,0.008773212472309475,1,1
89,0.012444814194702595,0.015167624411181677,1,1
90,0.0306772676076631,0.03996253013359732,1,1
91,0.0037102252203986257,0.020314175359445522,1,1
92,0.019402425387365727,0.040825252372379446,1,1
93,0.02264775160686152,0.024336696740160785,1,1
94,0.004815622577535322,0.011981769824377356,1,1
95,0.03908587253494706,0.03006783885166183,0,1
96,0.01547865929841454,0.024036380437827024,1,1
97,0.0024723911526055692,0.011750960586640977,1,1
98,0.002375321945824609,0.001981018892102177,0,1
99,0.008586456919408207,0.007469725801250149,0,1
100,0.0039901747288696365,0.004781949781583504,1,1
101,0.019591980548142048,0.03362931495612314,1,1
102,0.005337830339157789,0.010610139497818954,1,1
103,0.026426796784835803,0.044690161359810104,1,1
104,0.009093238863188862,0.007408466961516144,0,1
105,0.04067488327201732,0.050573820245345597,1,1
106,0.0039667000616253065,0.012954082630809882,1,1
107,0.004422781395131934,0.00878804039875922,1,1
108,0.02532886258397648,0.05708791541916109,1,1
109,0.015397103789217992,0.036179894842804275,1,1
110,0.0109319877669297,0.007483973724391569,0,1
111,0.046503453176087894,0.07593371587982832,1,1
112,0.014068091848411693,0.019411377708959475,1,1
113,0.01123696631804534,0.011027383240131949,0,1
114,0.013597960858342143,0.03026741157995723,1,1
115,0.012435124709033022,0.02135064078259648,1,1
116,0.0038583000784197827,0.01666319678425371,1,1
117,0.005042372919628926,0.02759898365652504,1,1
118,0.009752431530927853,0.03171911035819453,1,1
119,0.007943254382784643,0.012390203757666501,1,1
120,0.006408070309687544,0.00825447153263779,1,1
121,0.008470505690747221,0.0035116266547217433,0,1
122,0.007805584453377673,0.014803768362207979,1,1
123,0.025217646692623056,0.016632964649114807,0,1
124,0.010285164278634027,0.024142473835504115,1,1
125,0.0044077262450146005,0.015847427835733226,1,1
126,0.001734882612587222,0.007288681917013149,1,1
127,0.007199481981963679,0.015719654626071305,1,1
128,0.01946551953200227,0.03147847680363075,1,1
129,0.00969123522272181,0.031474815328479754,1,1
130,0.005938564507518189,0.02067637835657311,1,1
131,0.01010018310737085,0.014082887639226334,1,1
132,0.02406254179302811,0.04223256744835336,1,1
133,0.005144757777973495,0.010491538934370232,1,1
134,0.00487769339249596,0.020256619345943628,1,1
135,0.016294578931766744,0.01520642497171147,0,1
136,0.00995683430100004,0.018604491483411523,1,1
137,0.0078016546250776414,0.03201505882105147,1,1
138,0.005877638125964016,0.0227669597881016,1,1
139,0.023597548047448024,0.03641444852227918,1,1
140,0.031071410505080218,0.045731579338836904,1,1
141,0.005953557945481485,0.015429840988402548,1,1
142,0.004337686092889215,0.009566441982563375,1,1
143,0.004223095628910697,0.01683850183034663,1,1
144,0.027887608095049914,0.05180362862477108,1,1
145,0.002331136811416199,0.018703161293003766,1,1
146,0.005981321976036175,0.02169128277327295,1,1
147,0.008808069450462613,0.027892875894906823,1,1
148,0.00579366391155565,0.015480776195371072,1,1
149,0.0035950653400682463,0.012465336937960153,1,1
150,0.0024938203131462146,0.011808951930630716,1,1
151,0.014032746742578072,0.028628779051472,1,1
152,0.007830747165570034,0.04019296977654115,1,1
153,0.016591758225481718,0.025713459189361527,1,1
154,0.006411564212640996,0.01708350376322553,1,1
155,0.013637694304746243,0.028791910164436316,1,1
156,0.008934010336282897,0.027732428398735635,1,1
157,0.011867104524327708,0.01629612017141564,1,1
158,0.00604351207264497,0.005594301209793271,0,1
159,0.006340891406316974,0.015915209067845933,1,1
160,0.0108461254298803,0.019181148539717235,1,1
161,0.016961337571827124,0.02743841450335654,1,1
162,0.01167486059988262,0.02078548181893959,1,1
163,0.005895267382472115,0.01024197738516416,1,1
164,0.001634435022507553,0.011840140590383214,1,1
165,0.0060789637658587165,0.025191277452604372,1,1
166,0.003829002171199313,0.02314633212713714,1,1
167,0.0011656790877530596,0.0029252653724634054,1,1
168,0.002472628993806703,0.009905642083701843,1,1
169,0.013780816618062923,0.04064164379156704,1,1
170,0.019380550606552423,0.04421608185130853,1,1
171,0.013572086045347228,0.027329759166937,1,1
172,0.004977774741896655,0.011547020459091038,1,1
173,0.019206497063515966,0.028976266428689005,1,1
174,0.01120452649518818,0.025137377721382026,1,1
175,0.011431860271011363,0.015619774345287375,1,1
176,0.0013648415631289836,0.0029755994241272973,1,1
177,0.003789916555126424,0.0130873101082412,1,1
178,0.011213680681204714,0.019877310711894816,1,1
179,0.017216846699972636,0.016647982063645185,0,1
180,0.01416826641707044,0.025947769904452134,1,1
181,0.021267528162872876,0.03848585894747464,1,1
182,0.0010247520981781783,0.008611178246280188,1,1
183,0.004739282732247095,0.024647259077290033,1,1
184,0.011061624038414767,0.030650661473602462,1,1
185,0.010337681123612153,0.0224224037681696,1,1
186,0.01390971426532648,0.01708285362719471,1,1
187,0.017180941904410253,0.04750429348579607,1,1
188,0.00383008457452861,0.010702855579207674,1,1
189,0.003439176872667524,0.01377658563825271,1,1
190,0.012378597824704775,0.027279306306410282,1,1
191,0.003734959756746903,0.006762666741584569,1,1
192,0.021408081100704128,0.03848604687629436,1,1
193,0.005326509167426247,0.015586212467593093,1,1
194,0.013501811394072541,0.03458696709983084,1,1
195,0.02336317410752392,0.02759467466790458,1,1
196,0.01138561655279512,0.03086496133086572,1,1
197,0.005141779447836324,0.02500529283294786,1,1
198,0.01016570439464011,0.008618932524019341,0,1
199,0.0023472637787645485,0.004948972113355374,1,1
200,0.006533759856825737,0.012860292191427473,1,1
201,0.02873666244854427,0.049987814816880215,1,1
202,0.005609063955424581,0.02009283109375621,1,1
203,0.00042756710729021687,0.005773327656579331,1,1
204,0.0006368089831515064,0.003588152304340549,1,1
205,0.018083047407876987,0.02544589568622986,1,1
206,0.0016014361408608845,0.0023973384034915728,1,1
207,0.009477361239132046,0.028976293506593098,1,1
208,0.002797722433868669,0.008347546869801535,1,1
209,0.009329077321283389,0.012647688608787431,1,1
210,0.003788521386972065,0.007742626152401475,1,1
211,0.03640628164124256,0.016277459359940048,0,1
212,0.01647053445360012,0.03381324691408688,1,1
213,0.012379801128924223,0.030137367024146395,1,1
214,0.0006380346675911757,0.001419601225407662,1,1
215,0.006549098795880613,0.012007313666906903,1,1
216,0.00701036046598207,0.012837511377152281,1,1
217,0.0051736609394212206,0.015797551287116154,1,1
218,0.0004626193517857411,0.004951827827785673,1,1
219,0.004474651533540219,0.00855137117145576,1,1
220,0.002346619555212187,0.012787282202986623,1,1
221,0.011496638570968234,0.01920678080961137,1,1
222,0.0011580254138284808,0.006726796641542376,1,1
223,0.026652416200842324,0.057573384466043764,1,1
224,0.005353675082630776,0.021175656214143294,1,1
225,0.002361057456475125,0.0054943109336441035,1,1
226,0.00883250377889664,0.025497347223332512,1,1
227,0.014349662142973466,0.03948902235838036,1,1
228,0.008879311320950961,0.015184018864418954,1,1
229,0.01119472208583431,0.036883207897423526,1,1
230,0.007610191764593489,0.021744945470619323,1,1
231,0.01271000012783696,0.014645155910806154,1,1
232,0.004300654542772159,0.010705639048208742,1,1
233,0.016422562977095594,0.03819294083258406,1,1
234,0.0024131424696356507,0.007489893070961505,1,1
235,0.015637937582143085,0.027927087276180096,1,1
236,0.005691179305243332,0.026275214772428175,1,1
237,0.008165535108325597,0.012258412726870496,1,1
238,0.00855426021330634,0.03476045283467371,1,1
239,0.004107606500931228,0.012835084091258525,1,1
240,0.018164188281474907,0.016620466982950194,0,1
241,0.004259896703170582,0.010643082043145258,1,1
242,0.005682475120339004,0.016230433610157188,1,1
243,0.0064249231353027915,0.01879781419391334,1,1
244,0.014334475463944382,0.02253527115908504,1,1
245,0.03849175856260458,0.02005291277884799,0,1
246,0.0011279418490706251,0.010755690292192031,1,1
247,0.025784092608956127,0.04927345405403426,1,1
248,0.03550831899282462,0.030248305094558798,0,1
249,0.013406330326653075,0.017462176973661498,1,1
250,0.0057437180016868036,0.01107890342903061,1,1
251,0.014005303526646216,0.026943671812935492,1,1
252,0.0014833411256188328,0.006969938949568182,1,1
253,0.007141462177199015,0.009710413762901908,1,1
254,0.019550112717900036,0.030073286411365672,1,1
255,0.01859222459335779,0.02116706749228771,1,1
256,0.02437465925952636,0.04224721274828322,1,1
257,0.0023678657934118994,0.01146791285601531,1,1
258,0.024626767441465972,0.050713865431001606,1,1
259,0.014787793568451023,0.02519117833543049,1,1
260,0.005429594328174296,0.020883918184514867,1,1
261,0.012548041670017784,0.01140576757107379,0,1
262,0.004019542769515443,0.023991988049627905,1,1
263,0.009092029705808856,0.01708582053081849,1,1
264,0.0286185033718551,0.043533871918309056,1,1
265,0.00074617322365091,0.0039769618302539,1,1
266,0.02622967190144997,0.04428131997084627,1,1
267,0.017603399507759958,0.02945530078342296,1,1
268,0.009395365587062847,0.01593818185744584,1,1
269,0.02910082267241418,0.030559477424711802,1,1
270,0.007810548740302096,0.018737111890680443,1,1
271,0.0035013680128197057,0.014734284119414532,1,1
272,0.01094832601358015,0.02452936988167484,1,1
273,0.0022856465017222893,0.0070430697223350875,1,1
274,0.01756801745879035,0.03564949086581704,1,1
275,0.023809885338820242,0.044061822974827976,1,1
276,0.001638970606812025,0.011096781027207493,1,1
277,0.007905984616790368,0.03574324929617728,1,1
278,0.008013452385737719,0.026895862771225573,1,1
279,0.005244433701906555,0.020623122053509895,1,1
280,0.006780527934520932,0.01793823906685414,1,1
281,0.0026481959023741592,0.012859083901782711,1,1
282,0.005646647150722929,0.02697673055942036,1,1
283,0.03597860559662417,0.04979658080038534,1,1
284,0.002868825287742846,0.009389375129408383,1,1
285,0.007795298063476143,0.029872367173357867,1,1
286,0.015073273291363879,0.019553529472190474,1,1
287,0.0106096331854989,0.0271187543400007,1,1
288,0.011043073401211887,0.012922423913499684,1,1
289,0.0010167039647416799,0.009664808159437528,1,1
290,0.012363200860673395,0.022052713383240944,1,1
291,0.004590559609045619,0.007047099897384789,1,1
292,0.008823367071319048,0.033225003788324985,1,1
293,0.0032552083314837453,0.011285610696097539,1,1
294,0.008554615994124637,0.01735110042841285,1,1
295,0.004034526851481653,0.022200027793954514,1,1
296,0.02026945951090594,0.03193735552205135,1,1
297,0.006749074841596711,0.02202260492892028,1,1
298,0.016645749211707982,0.043540275956991795,1,1
299,0.008149281699564177,0.020386811136513812,1,1
300,0.006552411516623485,0.01915612549293222,1,1
301,0.007253518190384912,0.015516194225611558,1,1
302,0.00859340472897093,0.02342402270794797,1,1
303,0.006852346142683259,0.02118608002306288,1,1
304,0.0026952649143086277,0.025504251389620276,1,1
305,0.027285211378416347,0.04696645829182301,1,1
306,0.030560376158286186,0.06234023024014633,1,1
307,0.0027497257347362833,0.01681658094220263,1,1
308,0.0053448395401954054,0.02152369543694339,1,1
309,0.012150015084120657,0.020906284780310484,1,1
310,0.007596989149842065,0.01580615543961283,1,1
311,0.005741722238807543,0.014244547541653956,1,1
312,0.013045366022792475,0.015658349145173847,1,1
313,0.007081607114418726,0.021917952234492815,1,1
314,0.019893387379580577,0.021032446938773923,1,1
315,0.017954566224418617,0.01618168783791888,0,1
316,0.011264532176348761,0.027505981527580603,1,1
317,0.015591278156852306,0.029389928158803754,1,1
318,0.004746376748050457,0.01322526418498574,1,1
319,0.011393745701717915,0.025269998190925583,1,1
320,0.023550350116844837,0.026656697532909227,1,1
321,0.010374991904340396,0.03282963087044149,1,1
322,0.0037892018511674085,0.007195181202776702,1,1
323,0.016416237302621064,0.043558657930593055,1,1
324,0.0054116257633278495,0.02353299943145763,1,1
325,0.005167087559268123,0.01594903310539129,1,1
326,0.018128278314843992,0.02950948084965804,1,1
327,0.008601598879490916,0.023076595184834483,1,1
328,0.010761126337997045,0.0258304008732587,1,1
329,0.01520259497162598,0.014041098674916588,0,1
330,0.014888130591653509,0.03183831601961839,1,1
331,0.013285912902388853,0.018696271450217666,1,1
332,0.008613600749080718,0.03025101375621312,1,1
333,0.009161723857348555,0.01400899604172384,1,1
334,0.02108542786123738,0.03389923157350303,1,1
335,0.013881395930145568,0.019627741840967595,1,1
336,0.026805579267933796,0.049730993573072486,1,1
337,0.022604025420668493,0.037996503751634554,1,1
338,0.021338688391219718,0.02464646443813539,1,1
339,0.010611460717861124,0.015708543338112987,1,1
340,0.0075974867017231645,0.018986755340082075,1,1
341,0.006261375980123933,0.020397401821645296,1,1
342,0.010422508301133102,0.03428666790435977,1,1
343,0.012577739849700802,0.031286622641515896,1,1
344,0.022575197980299656,0.0345502558555255,1,1
345,0.004909689651776802,0.009066626572965914,1,1
346,0.006754857395007917,0.02970641369332493,1,1
347,0.015632682627706396,0.009199534184190191,0,1
348,0.009508839799723674,0.03209767746565892,1,1
349,0.024046079150868118,0.04422149921780678,1,1
350,0.003997940195954478,0.006794920991863779,1,1
351,0.027725202625706682,0.051612914996524706,1,1
352,0.02158861530034024,0.03431217000404059,1,1
353,0.00823866861795649,0.019167397868210628,1,1
354,0.034953319776039424,0.05467886485414676,1,1
355,0.013288298936894585,0.021808512926781726,1,1
356,0.017472383466190226,0.030664916613978657,1,1
357,0.0038488239942598445,0.011335838434591485,1,1
358,0.005218482449777278,0.029350846149528483,1,1
359,0.006374062161198773,0.011807011513473175,1,1
360,0.03035769570883261,0.014944811099488557,0,1
361,0.02513481758049079,0.03327348686220417,1,1
362,0.009194270731726725,0.03211312568280579,1,1
363,0.0013266508067976731,0.0034197765194868323,1,1
364,0.002601928023344624,0.009065261903789494,1,1
365,0.0025580508949569303,0.017027918004066427,1,1
366,0.00938979593381753,0.023586845539133983,1,1
367,0.008036897011559255,0.018612337862138978,1,1
368,0.006604602108593986,0.01879573389899506,1,1
369,0.0010536139683434485,0.006736589294435218,1,1
370,0.003908412020583766,0.013381885214048718,1,1
371,0.026813698214133243,0.025548395234838733,0,1
372,0.006065012873766218,0.023710107150407767,1,1
373,0.009286011220937668,0.02617784061458143,1,1
374,0.0015765055475182612,0.0028774728751192937,1,1
375,0.00022676897402149147,0.0011944476177502905,1,1
376,0.0053411013238994715,0.013225986931296802,1,1
377,0.00312131653166028,0.014153241368144246,1,1
378,0.008385803965358629,0.03349851219319078,1,1
379,0.0005956901393754147,0.0031212896728101784,1,1
380,0.033748476998763516,0.033033525952035674,0,1
381,0.01449841412294884,0.024835394711267562,1,1
382,0.0010867679320914173,0.006238229579517152,1,1
383,0.01916601849041423,0.03965127957019153,1,1
384,0.01567916407245947,0.023170917664741473,1,1
385,0.012430044277194288,0.024893830371723127,1,1
386,0.007776817429295617,0.013304927039703743,1,1
387,0.003449462464501295,0.008307134927799394,1,1
388,0.012933752274656206,0.011662466695408276,0,1
389,0.0059896314288465195,0.007946667986095269,1,1
390,0.009980852411590446,0.01727706448183331,1,1
391,0.011708785795161677,0.04159983629736222,1,1
392,0.008434584123666652,0.03107452386835623,1,1
393,0.00558755268890411,0.005352132250120631,0,1
394,0.011361179693282819,0.04649346738579444,1,1
395,0.0025479050873860234,0.007072992456002341,1,1
396,0.007413007465406398,0.01574984938066586,1,1
397,0.0219617808033974,0.029924633497842974,1,1
398,0.010953426016832503,0.03762572257735495,1,1
399,0.009231583602091926,0.019494592915428478,1,1
400,0.02061570908133965,0.029056657890293797,1,1
401,0.012772034549350874,0.04685182326744664,1,1
402,0.004299621084582892,0.012035428683251234,1,1
403,0.0007261905689676215,0.005861392468110426,1,1
404,0.009664476166470327,0.01953790056160088,1,1
405,0.0,0.0005,1,1
406,0.0037680515784724164,0.01635302793272296,1,1
407,0.005388295148861581,0.014624687484044082,1,1
408,0.016198920602726815,0.024370723941460812,1,1
409,0.006384947076689924,0.028634237414240735,1,1
410,0.00839828268309027,0.024494076461252724,1,1
411,0.018052308205504124,0.02313348053617904,1,1
412,0.0007837823537672707,0.007208461034870337,1,1
413,0.004120629530088956,0.019990283214809307,1,1
414,0.0058934095396063835,0.011831089722860667,1,1
415,0.030386327270424736,0.03602830165879898,1,1
416,0.024057940043068722,0.04940369766016851,1,1
417,0.008004343231212468,0.014080811776047098,1,1
418,0.03477798463130341,0.01729944580661613,0,1
419,0.02127274098669289,0.02054583267597817,0,1
420,0.006574488042715481,0.02077674451688172,1,1
421,0.008915622871224375,0.011215308592742279,1,1
422,0.04507678091552768,0.03170744067865953,0,1
423,0.014195201442288963,0.03336485387209172,1,1
424,0.004172228632477679,0.012558814858672494,1,1
425,0.012592428096218185,0.011035848217784876,0,1
426,0.03762701586172032,0.044140260819913395,1,1
427,0.01102971292020509,0.027863239802987695,1,1
428,0.005373066096978214,0.014887005166884442,1,1
429,0.01006707470933208,0.032219503863935524,1,1
430,0.02381319083454358,0.0498917559929289,1,1
431,0.00975650894267291,0.013250143428979894,1,1
432,0.009747496263160332,0.030795948860012266,1,1
433,0.0036067663230663414,0.00968958306131443,1,1
434,0.01110083418015842,0.008342445520418088,0,1
435,0.00888206902411537,0.018089885361332016,1,1
436,0.015449454742018967,0.03622755287237188,1,1
437,0.008146008073170296,0.013512781310428422,1,1
438,0.008890808243809506,0.00713838845769217,0,1
439,0.010037295890900366,0.025182051896859528,1,1
440,0.011189944973983434,0.026250448361192783,1,1
441,0.00877616800592062,0.02850065691599263,1,1
442,0.021187649676996826,0.021417599276857612,1,1
443,0.010484463873327271,0.009066285230273568,0,1
444,0.0019804316851009464,0.003982833463325362,1,1
445,0.02004929878931864,0.04474837922826611,1,1
446,0.00384374828139263,0.026843504885071416,1,1
447,0.006373640439315908,0.01784257592404122,1,1
448,0.009535102815996364,0.005124281188610527,0,1
449,0.023808232246114204,0.03723087607270327,1,1
450,0.003755007855660035,0.0150142920061084,1,1
451,0.004056372162101838,0.004592398702559513,1,1
452,0.008785429149172023,0.024401596176712278,1,1
453,0.005013010428219269,0.02293791359490439,1,1
454,0.014765255110937816,0.024045112238966746,1,1
455,0.03543915002027047,0.021984374455137522,0,1
456,0.009602484449155462,0.021044349302290207,1,1
457,0.01345874125161747,0.04410727548071438,1,1
458,0.011404570172031942,0.0361159854473997,1,1
459,0.020421817418490293,0.024924291785370426,1,1
460,0.006832843899503532,0.021827285536130548,1,1
461,0.010145476170187856,0.022274083616462274,1,1
462,0.04050524912318902,0.028960153673668575,0,1
463,0.0146959600542467,0.028279404940909397,1,1
464,0.006834963627650531,0.037936646192073244,1,1
465,0.028294066134392903,0.03699435160613431,1,1
466,0.016456259033343894,0.03405550113100288,1,1
467,0.007468262909188661,0.024335299817592287,1,1
468,0.01651710057115568,0.04615326988096353,1,1
469,0.018507011881714965,0.02404506559473265,1,1
470,0.004402347051875479,0.007361887151244598,1,1
471,0.020654155398807605,0.02921629754366178,1,1
472,0.013313481687279877,0.021829844599607608,1,1
473,0.0034837941882672418,0.007796512519459518,1,1
474,0.03385027751996873,0.016548969483169074,0,1
475,0.003351674690642501,0.01773393972554647,1,1
476,0.004553023782300517,0.011618973367391126,1,1
477,0.017106204308201166,0.033598602891773514,1,1
478,0.014277631634520118,0.014714129956934163,1,1
479,0.009281479500223087,0.022289909989757987,1,1
480,0.0036601230756530354,0.0050852193799793945,1,1
481,0.010503339217321864,0.02148721382126905,1,1
482,0.016170856794515836,0.024430605908090805,1,1
483,0.0012955307037578272,0.003957096485490576,1,1
484,0.011981622008162635,0.023912548792277426,1,1
485,0.015886923783137878,0.025007154883170665,1,1
486,0.00022007406535094558,0.006464149965409909,1,1
487,0.007515014719844886,0.015671664342124095,1,1
488,0.007489752226984746,0.014017038179795578,1,1
489,0.0027018399986964243,0.013177864609267837,1,1
490,0.026147201221726025,0.03629806701785381,1,1
491,0.005011977261540293,0.005057097305684218,1,1
492,0.006204740855330137,0.027551953309939172,1,1
493,0.008215503615651373,0.032611393670196824,1,1
494,0.004764475283853075,0.019117873934129895,1,1
495,0.011704597471100526,0.025902580793516435,1,1
496,0.013592912130151921,0.02302810856176805,1,1
497,0.005766098118344488,0.02315369089707202,1,1
498,0.013074490421420679,0.046815191300630804,1,1
499,0.006193976719971168,0.005843501452325839,0,1
500,0.0043162766059371875,0.009394347977741935,1,1
501,0.009755127522124154,0.02405600732323424,1,1
502,0.00275411631619738,0.01783805925786899,1,1
503,0.031703296704872735,0.022107747165306134,0,1
504,0.03743845445247517,0.04270343910509198,1,1
505,0.006581000897597743,0.016036743994697098,1,1
506,0.01004374363132168,0.023005102579051823,1,1
507,0.03811137723662584,0.017972732509513697,0,1
508,0.00025563520314762973,0.003278352214942502,1,1
509,0.007507054063468754,0.03459900112675888,1,1
510,0.012879987632301937,0.019558708194104418,1,1
511,0.033235749136124565,0.05909783190530163,1,1
512,0.013959592686597317,0.013302627963856449,0,1
513,0.009767124933615787,0.02133913089609196,1,1
514,0.01694095651831334,0.03356587714879914,1,1
515,0.00876767981567062,0.013724743603111213,1,1
516,0.0037573084007706927,0.010554849793168201,1,1
517,0.016903486537195873,0.01947814935993299,1,1
518,0.009960251972607827,0.03421323897457929,1,1
519,0.012140086506206921,0.031748407631221005,1,1
520,0.0394698297577708,0.045370219930324675,1,1
521,0.0074950116154843234,0.020370971601885866,1,1
522,0.020196767417222476,0.036644725136513345,1,1
523,0.002929432210309943,0.017299507075083008,1,1
524,0.017800164031849485,0.01913125253360816,1,1
525,0.00377768376228638,0.011648617384473646,1,1
526,0.0037521532845697643,0.004382531440973855,1,1
527,0.003855112195896249,0.013195698662674624,1,1
528,0.013293295803883838,0.03255967262805375,1,1
529,0.0033612756592730484,0.003582441923937693,1,1
530,0.006715655855165427,0.02136627559085389,1,1
531,0.010220029889150179,0.016450708914226488,1,1
532,0.0104037689485282,0.0419138494276332,1,1
533,0.005434653609342982,0.013046106021858737,1,1
534,0.0024153477665774673,0.008199835574671546,1,1
535,0.0057063649511805035,0.00672732862737315,1,1
536,0.029186867252542527,0.03770573615563855,1,1
537,0.005619724680535329,0.02322121436991391,1,1
538,0.002140495878654884,0.006942851000501654,1,1
539,0.009127715261757355,0.036068859732915064,1,1
540,0.014845429838935081,0.030559886288974967,1,1
541,0.014825503315812907,0.025617239833382703,1,1
542,0.002089450486322985,0.0077252401484920515,1,1
543,0.002102890973906064,0.003121653177122017,1,1
544,0.015212659142092765,0.025471274581998143,1,1
545,0.005788302446875653,0.016012666557732213,1,1
546,0.0018333593946840315,0.004299541042383817,1,1
547,0.007584013805579281,0.024893156362807478,1,1
548,0.01124329768324027,0.04118115423735534,1,1
549,0.008994670654786437,0.014073400743588716,1,1
550,0.018848072458282298,0.04444987153618198,1,1
551,0.0018567777086543635,0.005485303957525211,1,1
552,0.03083919467990433,0.057673844899904014,1,1
553,0.003943267402367586,0.011514335404074197,1,1
554,0.01329388286544846,0.011375261860113142,0,1
555,0.031000393245562644,0.050079203161292704,1,1
556,0.010571494921100582,0.047251896957077176,1,1
557,0.030230612039709098,0.0359696174908104,1,1
558,0.007953941499808867,0.030906362209117296,1,1
559,0.012064888820114049,0.020690493387414494,1,1
560,0.0013020900656529426,0.003352970428949491,1,1
561,0.0004990321227751197,0.0032188541602546166,1,1
562,0.01181898876875257,0.0270362958696075,1,1
563,0.011274496495048171,0.020215520410433185,1,1
564,0.010970166312212601,0.031093118907773058,1,1
565,0.0097075974373794,0.0387151717184027,1,1
566,0.011498110546979998,0.022554776126730923,1,1
567,0.007903540971500799,0.014827666131378443,1,1
568,0.016000220196874745,0.024355067312397043,1,1
569,0.01137742090339952,0.022941765053064476,1,1
570,0.018315923256794764,0.03648423460387271,1,1
571,0.010576982888914429,0.022619917162905064,1,1
572,0.0009415102498687036,0.0026191096828507665,1,1
573,0.008098103920314856,0.023187253323145113,1,1
574,0.010622650441863073,0.0163481329827624,1,1
575,0.0021613892978241613,0.007057158954855603,1,1
576,0.01604682335169748,0.030201923608747707,1,1
577,0.01527707104912273,0.028880159812552868,1,1
578,0.02010962887833066,0.03538618866332534,1,1
579,0.0072171859218489775,0.009680088025181102,1,1
580,0.016862577649174485,0.033750834540125244,1,1
581,0.024803000393442166,0.04109866740475458,1,1
582,0.03144819642081844,0.012756030127182613,0,1
583,0.013821124372547913,0.0292375553606216,1,1
584,0.010054860319080301,0.017105903205894432,1,1
585,0.0017438689182688457,0.0017296140057602683,0,1
586,0.010764616130058214,0.03874560864062269,1,1
587,0.010051207811519748,0.016907659589043517,1,1
588,0.003424182160376508,0.01805687732782085,1,1
589,0.003702072520221298,0.007831788867143226,1,1
590,0.023726804764113686,0.02190261175788279,0,1
591,0.011889146621634405,0.021322502647223268,1,1
592,0.005693442339806074,0.0060831192167528966,1,1
593,0.01930525674620894,0.025598492613493264,1,1
594,0.011102923626094678,0.04497607570687963,1,1
595,0.0474948065112697,0.06446066571603742,1,1
596,0.006454930452429751,0.013095509404246728,1,1
597,0.007873221338232443,0.013759331792802067,1,1
598,0.007874601170021499,0.01815230785373894,1,1
599,0.011678263468629711,0.015280201789260673,1,1
600,0.015009021612114974,0.012802307906147357,0,1
601,0.016846302665894108,0.04055009293629167,1,1
602,0.016614721103346584,0.03842543133162683,1,1
603,0.005248334943282435,0.012216290381980771,1,1
604,0.005533289788731811,0.01096657781895711,1,1
605,0.007374929104680015,0.009963102194017399,1,1
606,0.002932480473749916,0.013594407102902675,1,1
607,0.016631540935712678,0.03437082772795964,1,1
608,0.033978983505516716,0.015789662088589528,0,1
609,0.015475704641783508,0.02993836924528428,1,1
610,0.005328292823820307,0.015705849546043725,1,1
611,0.0019211526706603619,0.0050092234588167564,1,1
612,0.004949307162015595,0.029088279126520206,1,1
613,0.00999035368626631,0.019146596407997978,1,1
614,0.031886310878521895,0.04147043648494415,1,1
615,0.004345956532133196,0.009695532894707124,1,1
616,0.015694916963045407,0.019419430095607617,1,1
617,0.0024712779960749825,0.010008884017204296,1,1
618,0.019876481164365387,0.025864531231167043,1,1
619,0.022337865000047884,0.05028182487226084,1,1
620,0.01484421578540229,0.018716142536905348,1,1
621,0.017464482608684034,0.0303126029317542,1,1
622,0.0011778028004628804,0.0018397286917100782,1,1
623,0.018468476789972273,0.0289694384565326,1,1
624,0.01151286774716157,0.041952670094949504,1,1
625,0.010607886586796718,0.028309780987328656,1,1
626,0.014362205924742225,0.0173791339653816,1,1
627,0.0182272753646298,0.023405426197036124,1,1
628,0.009646233918038014,0.038470587944467075,1,1
629,0.026257619883921297,0.04564085840829956,1,1
630,0.03609927361435533,0.04896043267066195,1,1
631,0.007219580153460306,0.01870106644949283,1,1
632,0.014915712314760797,0.02736173789167893,1,1
633,0.0040698111042984765,0.008707948172214888,1,1
634,0.0335221001596132,0.04647799090523272,1,1
635,0.014170264467619076,0.02309113153374372,1,1
636,0.003880427193127517,0.01222215724277135,1,1
637,0.005262722004156366,0.013873661230807926,1,1
638,0.007324169375941979,0.024543224598778304,1,1
639,0.03433547961825965,0.04328234701203777,1,1
640,0.029062146565085552,0.027391476352691596,0,1
641,0.011108914291016578,0.018040466408953786,1,1
642,0.020868018109108297,0.036254056060735534,1,1
643,0.03265925481629005,0.054799161865033266,1,1
644,0.0,0.0011135527707384454,1,1
645,0.014764513469763468,0.03968075611548338,1,1
646,0.00632715470196549,0.010079391609577168,1,1
647,0.023574240957394806,0.021245439830444815,0,1
648,0.005770024610898113,0.01833719511829777,1,1
649,0.0036281355372453482,0.019333495328332968,1,1
650,0.009324024851760017,0.020528150207930355,1,1
651,0.011470012712208337,0.025883273396124295,1,1
652,0.006355229507123591,0.02433044298621715,1,1
653,0.006323379926463939,0.007960776255788686,1,1
654,0.019491722948015634,0.026523750950570003,1,1
655,0.005001683513993344,0.020742781953797536,1,1
656,0.004481927328479466,0.010050051778925623,1,1
657,0.007238008251006453,0.025266205891815254,1,1
658,0.0037863377697862108,0.007330867624330364,1,1
659,0.006894690971927101,0.026602239533073304,1,1
660,0.006285740568030312,0.022672446910526185,1,1
661,0.004020704574482573,0.018074063669707704,1,1
662,0.01966773697429642,0.03209741644429455,1,1
663,0.002632410234893398,0.011560644806234885,1,1
664,0.0051659045187946295,0.008814955056572189,1,1
665,0.0013189087200886468,0.009342112650536196,1,1
666,0.026975073885713442,0.04147085100232971,1,1
667,0.0064055344910740955,0.013177168366200559,1,1
668,0.01032332137865099,0.01631893638697105,1,1
669,0.002672650603047531,0.015446405123935775,1,1
670,0.019280181329224058,0.032400412172078695,1,1
671,0.016592681353129905,0.031542356939127755,1,1
672,0.012104103596368602,0.011090651330373463,0,1
673,0.009901057391770985,0.02428719713209135,1,1
674,0.006259605792251401,0.02064394362779174,1,1
675,0.003985220890499633,0.010116030537879352,1,1
676,0.0064199892248739746,0.0316109341790986,1,1
677,0.022865971368226354,0.04611572532134552,1,1
678,0.012781260988268792,0.01178530042245516,0,1
679,0.0028437948336324965,0.012584226567481104,1,1
680,0.020366487134353455,0.03900736871926299,1,1
681,0.007910378274553282,0.01252801570450341,1,1
682,0.0141426846172912,0.024864410249829497,1,1
683,0.006161782478544498,0.016086726615655304,1,1
684,0.03256088285138045,0.05203088430603674,1,1
685,0.0074977833753737625,0.01299191285318016,1,1
686,0.0016930820648398935,0.007681259779715351,1,1
687,0.012561325022410932,0.027282300387480366,1,1
688,0.005029337541812455,0.013213501602698978,1,1
689,0.007890571373627732,0.024922703152066253,1,1
690,0.004663203046653264,0.00912125343414247,1,1
691,0.0021476922380591675,0.018697472426306875,1,1
692,0.005592643535720935,0.017273174247595217,1,1
693,0.005097682149393269,0.014313997469929458,1,1
694,0.005978865124029399,0.009787413512654556,1,1
695,0.004544931290707825,0.011652447575606401,1,1
696,0.01542481525384048,0.03306167815319626,1,1
697,0.003940312869249666,0.021664204001744933,1,1
698,0.0037626735554283437,0.014550463010944618,1,1
699,0.006940520968510382,0.010825485206869568,1,1
700,0.0067132472508412925,0.016484049875137005,1,1
701,0.005917029943572576,0.008526537222761648,1,1
702,0.009945719201633911,0.020602020884798015,1,1
703,0.010119260356165862,0.02477862821285142,1,1
704,0.009299751196315069,0.03806454024866282,1,1
705,0.005649335634586532,0.009021225829511858,1,1
706,0.002434696445861461,0.013239497676916174,1,1
707,0.0,0.0035710715846034107,1,1
708,0.02205914112188983,0.0285616185171615,1,1
709,0.010463554436435318,0.012150828222162352,1,1
710,0.012893921194416503,0.021308060651161084,1,1
711,0.011575423772373602,0.015279402610464107,1,1
712,0.016377776688051966,0.01593039791345151,0,1
713,0.016841151271195908,0.021957551097912933,1,1
714,0.0003901649710926194,0.0023731307646478964,1,1
715,0.005118122582545605,0.013861578284630669,1,1
716,0.014912489020227316,0.023418267812454333,1,1
717,0.026365109176820535,0.028882032653430152,1,1
718,0.013348476072144486,0.04216645329376631,1,1
719,0.022289569256674576,0.022331477837311684,1,1
720,0.0032613961331818715,0.011789252572610114,1,1
721,0.008921463906622278,0.0286102191962664,1,1
722,0.008656565333441878,0.024877402841423583,1,1
723,0.015163017134233795,0.024501452149102546,1,1
724,0.029329907596451345,0.06361078778262676,1,1
725,0.011853771850624533,0.02456291113332244,1,1
726,0.0025156002207267236,0.018414699910614993,1,1
727,0.0046517793378518385,0.00940239028757222,1,1
728,0.00045026656202761027,0.0041414919758600574,1,1
729,0.013146772975506251,0.014634713647800595,1,1
730,0.009151474730430483,0.02244641146536929,1,1
731,0.008110985202484008,0.024457041526252263,1,1
732,0.005763600341585389,0.014771478731697495,1,1
733,0.020208918847865104,0.04235837021181003,1,1
734,0.010443412932735601,0.018320918531272826,1,1
735,0.026053817948226112,0.02658418368701185,1,1
736,0.00332163235603295,0.008408285989930667,1,1
737,0.03770180889450496,0.013475135800961019,0,1
738,0.028662635995466767,0.042962166338037906,1,1
739,0.02843539143809823,0.04329465242275106,1,1
740,0.026888268428355927,0.025489007354729615,0,1
741,0.003033850319414673,0.005077497051516274,1,1
742,0.012615463281802512,0.017365104275238817,1,1
743,0.03210737587974193,0.041089435410318086,1,1
744,0.0035846137017532913,0.011640618940277804,1,1
745,0.015939921720317055,0.026059268591770355,1,1
746,0.012217233868646886,0.01471823621429598,1,1
747,0.02477960705312477,0.03878921456014857,1,1
748,0.008351574195704403,0.010072707472094733,1,1
749,0.014258887467131142,0.02464801990508061,1,1
750,0.0046699697682441,0.009580643373569814,1,1
751,0.006986590590008845,0.01458442857058186,1,1
752,0.007306777449220409,0.027877203981038615,1,1
753,0.017953278785039228,0.03860813697548178,1,1
754,0.01928933641051317,0.03498182192623497,1,1
755,0.011319519635755983,0.020280265196532685,1,1
756,0.017909095044762603,0.028884607662543933,1,1
757,0.006659650769964653,0.006744093878860554,1,1
758,0.004923154509188508,0.00328095215455679,0,1
759,0.003796191034426007,0.015398457835733733,1,1
760,0.012645680460732526,0.021923573645636178,1,1
761,0.00866097139048353,0.006359994089685069,0,1
762,0.0014646652756976969,0.001978313360348206,1,1
763,0.0069662533193409855,0.010088122073868657,1,1
764,0.052053254235130964,0.057486361433143916,1,1
765,0.0025242199235067913,0.004898321189094624,1,1
766,0.011683775849908193,0.024731161272641928,1,1
767,0.00763808283793648,0.008413148519597811,1,1
768,0.009174198545302535,0.03927353837912465,1,1
769,0.028327524439032893,0.04301451792472153,1,1
770,0.020952219353096563,0.027595427177573583,1,1
771,0.005349939728833077,0.018626678086469,1,1
772,0.011155463496971024,0.02141680610449096,1,1
773,0.004369585894712724,0.014916082526827421,1,1
774,0.02824967509855475,0.038756235986236835,1,1
775,0.00992424104100274,0.030701749682487435,1,1
776,0.0007403090669830956,0.005775964838688065,1,1
777,0.006271167920388611,0.008855432975393143,1,1
778,0.010795887721916472,0.01061968475505727,0,1
779,0.009445046060186374,0.032684801142763724,1,1
780,0.007590652050151348,0.0274342674508373,1,1
781,0.0058767624843530635,0.014226797446050312,1,1
782,0.0011155956330517072,0.0042974304528443944,1,1
783,0.009309814254855015,0.02652380158505173,1,1
784,0.0067309478986797506,0.016689966642536923,1,1
785,0.009326105421776844,0.020949832160006735,1,1
786,0.006823818898846305,0.023716984607096463,1,1
787,0.00994650586159785,0.017376171873169487,1,1
788,0.022706819556521745,0.03525948894536892,1,1
789,0.015526132363516817,0.031201423683815215,1,1
790,0.005505719487007524,0.023402578898698147,1,1
791,0.012153626691090862,0.0314874239337635,1,1
792,0.008582629393958286,0.008376696084851644,0,1
793,0.007885552928917471,0.02561848878697471,1,1
794,0.0177070104053162,0.03301561045520262,1,1
795,0.00925196337789387,0.01477776104361867,1,1
796,0.012439213448815406,0.005250239721897702,0,1
797,0.04574689826476025,0.06437814359060912,1,1
798,0.005455741049772205,0.017829690533774024,1,1
799,0.003002393074420463,0.012237454333498014,1,1
800,0.004562611326665959,0.003850850256243839,0,1
801,0.02069973179144168,0.04576231195643479,1,1
802,0.014551173966584481,0.02024555451002723,1,1
803,0.005270471952595172,0.023556513971670422,1,1
804,0.004087239907884652,0.005334899683282603,1,1
805,0.00791655736085414,0.03144280265779108,1,1
806,0.007355345526031132,0.01056650128736637,1,1
807,0.011190001629089742,0.036705899808573854,1,1
808,0.005420169274672532,0.025397566998965324,1,1
809,0.013249636080381537,0.017696600542844745,1,1
810,0.016607025320889333,0.03293634779628098,1,1
811,0.0044736615362474235,0.021586002236922936,1,1
812,0.009516302778022645,0.019391339093541137,1,1
813,0.0014181473203632,0.008734256388618442,1,1
814,0.025901332612612484,0.03266403790556777,1,1
815,0.02475546654557911,0.0226339234803367,0,1
816,0.012244247481654499,0.02250264633143007,1,1
817,0.02207910100811918,0.027225277504227704,1,1
818,0.005868510605351233,0.011414326016649183,1,1
819,0.007783975471785721,0.015515168337176232,1,1
820,0.042591727825666344,0.02792636790551002,0,1
821,0.005131235571092748,0.018897114459353534,1,1
822,0.003623167497022556,0.016266780576670543,1,1
823,0.009170808363683636,0.02864755389676564,1,1
824,0.016703706146483994,0.013589370378543752,0,1
825,0.018502697433712224,0.02711661295839198,1,1
826,0.004737299540299906,0.018445322326952472,1,1
827,0.014000238381450116,0.02096280567538379,1,1
828,0.004801454984139518,0.022000535444515152,1,1
829,0.008033579312847556,0.021664388902682484,1,1
830,0.006297598874343024,0.016988762429778096,1,1
831,0.027018818406325345,0.03128661244844819,1,1
832,0.022123009431446013,0.022860263155161566,1,1
833,0.01268228107663086,0.027650889768414583,1,1
834,0.007911620342485439,0.010975528366982798,1,1
835,0.0,0.0005,1,1
836,0.012244712064570704,0.004791744678071711,0,1
837,0.0024356303931105773,0.013987741844983763,1,1
838,0.0018258387463451215,0.010889805988130184,1,1
839,0.005286912580269864,0.01593334364605062,1,1
840,0.0028209849776868533,0.012012921672655427,1,1
841,0.01875482006685313,0.04410147262065159,1,1
842,0.0038000137707996737,0.02144294344864258,1,1
843,0.019260989995898543,0.03377867203274276,1,1
844,0.01911572290961593,0.027953505649157065,1,1
845,0.007243059939293016,0.015835546755449147,1,1
846,0.008073160427593571,0.009562844933480504,1,1
847,0.012955789254508097,0.01605008321446307,1,1
848,0.014876244931242818,0.025477113419802168,1,1
849,0.022744057726211214,0.03984673774536265,1,1
850,0.019539001727869577,0.03654928601008591,1,1
851,0.0064706574133459585,0.006080744113554116,0,1
852,0.00021496600524241512,0.0015168231879309684,1,1
853,0.025786510581990912,0.036754988764585925,1,1
854,0.006954043175791709,0.010204812335204894,1,1
855,0.010543864387709599,0.02385172352400097,1,1
856,0.005777557339876812,0.01325500225960459,1,1
857,0.009015203421363263,0.022062227339967235,1,1
858,0.04299856368427308,0.049866811794790224,1,1
859,0.014608443941073808,0.020382170222152243,1,1
860,0.0005722420027690604,0.0042695860462032996,1,1
861,0.021283755375007492,0.025148658343761784,1,1
862,0.0008841473620327167,0.001733733886880801,1,1
863,0.016779198100093567,0.030518223587862506,1,1
864,0.004587826308074639,0.011307500651991239,1,1
865,0.0036508677974300494,0.009286416830792562,1,1
866,0.02349907788361175,0.026246327492153186,1,1
867,0.01915888811265813,0.03211068070455132,1,1
868,0.010878229735458848,0.01936367232420162,1,1
869,0.00322656864035816,0.01746496457564104,1,1
870,0.004772166168314085,0.018334369922206443,1,1
871,0.001348542320313811,0.00690914769926115,1,1
872,0.010750725192588293,0.04204985843504236,1,1
873,0.025255319491580386,0.030015823373940966,1,1
874,0.004245362372411348,0.004637208523946136,1,1
875,0.0023539524855875618,0.0008362789265125088,0,1
876,0.017987830117831595,0.034241720700393566,1,1
877,0.005387354246598365,0.01979496005496442,1,1
878,0.008039317589759317,0.020227085331972868,1,1
879,0.006649311991099529,0.007749644136845365,1,1
880,0.007619080252684839,0.009562141085052166,1,1
881,0.006138147458674205,0.013996260773954447,1,1
882,0.004506361524593141,0.012270703965149668,1,1
883,0.004182357108271147,0.008246075881922074,1,1
884,0.008676743040460986,0.014301796019881179,1,1
885,0.002884341123758831,0.014581974986879544,1,1
886,0.009351036294722144,0.02463683681420745,1,1
887,0.01481639193751178,0.030926063490149588,1,1
888,0.0011778503902754888,0.003665364666745398,1,1
889,0.008603694703641276,0.01898319887789756,1,1
890,0.007178010383986214,0.0200288041537785,1,1
891,0.0065440445824372405,0.011524259523462343,1,1
892,0.0014142135623730952,0.0005,0,1
893,0.019378430218430113,0.03066493071871389,1,1
894,0.02534131625841689,0.025929031044468646,1,1
895,0.007740272486131155,0.020241322352183327,1,1
896,0.01688366064833894,0.020888701645831988,1,1
897,0.01618694749723967,0.03432834494683899,1,1
898,0.015985624177403197,0.03853457923208293,1,1
899,0.009175802380734897,0.02097739670666394,1,1
900,0.0028270392233313707,0.006620952607488988,1,1
901,0.0033485532803794837,0.00621308039012329,1,1
902,0.021698934836184267,0.03627306759169007,1,1
903,0.011246644424570112,0.013594786011340112,1,1
904,0.008264242915012727,0.025992176778692665,1,1
905,0.008259542156072568,0.02155216149298868,1,1
906,0.022315349310012868,0.0507336520576851,1,1
907,0.010013020965011587,0.017314448911624872,1,1
908,0.003530105615710027,0.012770045365917417,1,1
909,0.019776715496425595,0.017304924000738776,0,1
910,0.012858283320884407,0.028902011476719874,1,1
911,0.01493368258625146,0.025285829890805432,1,1
912,0.0054690740791574445,0.01159346830293722,1,1
913,0.0063181620100928705,0.014411998323904843,1,1
914,0.0039909108269923586,0.015942432390953488,1,1
915,0.01024287357047396,0.04206887798987358,1,1
916,0.0029335323215212298,0.017123809005523787,1,1
917,0.0032934838027021385,0.016403417223039427,1,1
918,0.004373915506547766,0.016442212231731736,1,1
919,0.0052508338717118285,0.0073367753287888115,1,1
920,0.004846926174713364,0.008256492685307378,1,1
921,0.006418299629514673,0.02085183482403005,1,1
922,0.008727352476095863,0.026650744968993802,1,1
923,0.0081754799774518,0.006009137787385099,0,1
924,0.0,0.0005,1,1
925,0.013470757210601387,0.04528743169117874,1,1
926,0.020833805109547496,0.03607829494299103,1,1
927,0.008558129270431232,0.017985112945252704,1,1
928,0.038708854247388104,0.023315448637621475,0,1
929,0.00477545153166594,0.008057060830699693,1,1
930,0.008777434333842087,0.018173772713991922,1,1
931,0.003319969516527038,0.011129684250531754,1,1
932,0.01833202993156978,0.021901734546673858,1,1
933,0.013973440698265973,0.03380909486023017,1,1
934,0.010685062231705551,0.01485283836257934,1,1
935,0.0308443069409532,0.04946459551039019,1,1
936,0.01752205374527109,0.018847928320921605,1,1
937,0.004203119046605043,0.010574423631898922,1,1
938,0.031890602567222426,0.05072087532789908,1,1
939,0.015035602390457554,0.043494036609183925,1,1
940,0.0002703093328481825,0.0007703093328481824,1,1
941,0.020411652020335038,0.022018779290062258,1,1
942,0.000568755091575869,0.006159669111231657,1,1
943,0.00233749723745716,0.015011990473429887,1,1
944,0.0055794973467711865,0.029821571971634053,1,1
945,0.0027432559417037597,0.010320513345240498,1,1
946,0.006225140569245004,0.0064829866020303445,1,1
947,0.0037318172009803696,0.01539156889109586,1,1
948,0.010117062069221461,0.0170754451604032,1,1
949,0.041138588509401657,0.024345692809988096,0,1
950,0.016397416969179516,0.025963596202865147,1,1
951,0.002946480045820149,0.008603031051099509,1,1
952,0.013366882319376631,0.02048547174253708,1,1
953,0.009941574292833034,0.009091878364943063,0,1
954,0.022862468209314018,0.03551284813064625,1,1
955,0.013766057004294865,0.03656456361445758,1,1
956,0.018713582366303723,0.027418640420995535,1,1
957,0.028370701865366988,0.04886662680553853,1,1
958,0.00592620833566763,0.028114440213699333,1,1
959,0.004740465193132247,0.0076924095660168635,1,1
960,0.029853662444940518,0.02735680745400289,0,1
961,0.002181237555931582,0.006070630453310219,1,1
962,0.0021903731796460548,0.011570438708199723,1,1
963,0.0008371198593154214,0.001058079906210281,1,1
964,0.0025874041064941405,0.0067791402804344494,1,1
965,0.00304607900101918,0.011680008162892244,1,1
966,0.015275669786202963,0.02412653253760858,1,1
967,0.017602354588887592,0.05829262489770768,1,1
968,0.0073302527871733835,0.014513149423184891,1,1
969,0.005871131232367693,0.025069812446216283,1,1
970,0.005207959428053901,0.01540169817963933,1,1
971,0.005486762233384573,0.006571781402374025,1,1
972,0.013510655662372124,0.03673679485359177,1,1
973,0.0019527092025540393,0.004728128071832662,1,1
974,0.014940639365922223,0.02101415064609094,1,1
975,0.00905581488522189,0.02038344753514203,1,1
976,0.006055176133023091,0.012492900561679461,1,1
977,0.0076155676157910485,0.026042451150924077,1,1
978,0.00979631458667451,0.01944652940685746,1,1
979,0.010883730204536958,0.008540389330011796,0,1
980,0.0069962309974308055,0.013501869145121616,1,1
981,0.0348912969982206,0.024013372597163966,0,1
982,0.018899280601769156,0.04090476894179616,1,1
983,0.02198362502576735,0.04519089983733833,1,1
984,0.013184280739316831,0.012951443935682674,0,1
985,0.0038679310096550955,0.0051349451426657795,1,1
986,0.006805152045739366,0.006079266220249028,0,1
987,0.0076262097833306825,0.015200373483868414,1,1
988,0.02524066447557614,0.03118193352358646,1,1
989,0.005657498476359936,0.016622998822371796,1,1
990,0.0089908267719563,0.01354059389968927,1,1
991,0.0028575064027952088,0.0018615446414395934,0,1
992,0.019353296225670544,0.022805479897260793,1,1
993,0.016333221968336427,0.030273661106302047,1,1
994,0.008643387999171467,0.02151726805294791,1,1
995,0.007396642115753617,0.013197995590981103,1,1
996,0.027058693016250027,0.051010584382093244,1,1
997,0.015611088214350878,0.024093374751743866,1,1
998,0.0035953850688870167,0.014394495201502714,1,1
999,0.0008763885859763112,0.011308792560374497,1,1
1000,0.015053121379318007,0.020740081141869274,1,1
1001,0.008960065973867467,0.03443795686615363,1,1
1002,0.011270894644621797,0.015027494939433972,1,1
1003,0.001085027416898978,0.015310605086921544,1,1
1004,0.020524413820696266,0.039177297432286595,1,1
1005,0.0006851352066440778,0.00325545604840078,1,1
1006,0.006249318572134872,0.01254616268236605,1,1
1007,0.012454460587638182,0.017329111321370612,1,1
1008,0.024710866502800438,0.039604272291433276,1,1
1009,0.0259135244453972,0.060289683432041566,1,1
1010,0.005266613144188637,0.02119166594334786,1,1
1011,0.009831171041500558,0.03176598577180429,1,1
1012,0.051254720773725705,0.03446112825552457,0,1
1013,0.004907650629791125,0.01814466913572195,1,1
1014,0.002378539738332398,0.011903037512142564,1,1
1015,0.0018320919998156796,0.009538333723903766,1,1
1016,0.00912009331835026,0.03074167628412197,1,1
1017,0.012478907770895758,0.04415514327376541,1,1
1018,0.025412812878215035,0.02760952105336152,1,1
1019,0.005932972311392855,0.015838885847013207,1,1
1020,0.0037978206735677904,0.015831636181119022,1,1
1021,0.005295635958195157,0.006974749581139983,1,1
1022,0.010866539993404872,0.014919741536318277,1,1
1023,0.014846736160095096,0.015303858574295158,1,1
1024,0.014266884704913722,0.02229955893973577,1,1
1025,0.003167227268446738,0.00841006114626323,1,1
1026,0.002445024952955408,0.006218242198957392,1,1
1027,0.005789808571389438,0.009615497218367571,1,1
1028,0.010382439414346266,0.020600449314964887,1,1
1029,0.014856631068538845,0.02351938358436544,1,1
1030,0.020008104344824015,0.028112800587999063,1,1
1031,0.020247862839750837,0.030451231301144323,1,1
1032,0.012986376720363865,0.02581342560356021,1,1
1033,0.012623923658480028,0.01803021461150216,1,1
1034,0.018824987168856458,0.036695249422142494,1,1
1035,0.008679083965975134,0.01877313335924253,1,1
1036,0.017124695959719587,0.026755753348921295,1,1
1037,0.012900323824999022,0.031348818345966444,1,1
1038,0.00703773053564705,0.014704886340841872,1,1
1039,0.00641344772297378,0.01263559214134055,1,1
1040,0.0051918908138160755,0.017467446205437585,1,1
1041,0.00616531266153078,0.010355394377950609,1,1
1042,0.004068513243632591,0.00847730562046654,1,1
1043,0.010000800454203783,0.024308228708828556,1,1
1044,0.00491684309449416,0.010236541292089863,1,1
1045,0.006925933480939618,0.01242745569981391,1,1
1046,0.007253518190384912,0.015516194225611556,1,1
1047,0.007321395695114753,0.01636618946578535,1,1
1048,0.004943687093734776,0.006127375457020527,1,1
1049,0.011982558826560182,0.017498827034850128,1,1
1050,0.010560836245596679,0.01573887233054117,1,1
1051,0.0,0.0005,1,1
1052,0.004387602341771685,0.014508983897923804,1,1
1053,0.000982407384570398,0.014069054483486151,1,1
1054,0.020505326624295404,0.0264365441482166,1,1
1055,0.015743207281433056,0.027182589908006552,1,1
1056,0.008056667475786478,0.03895217335439316,1,1
1057,0.010296602861106355,0.017124248850821918,1,1
1058,0.041546128066883944,0.055096598030210844,1,1
1059,0.01908186896247722,0.0359758273618551,1,1
1060,0.02273013917803972,0.03511911542134091,1,1
1061,0.008344891130642058,0.027249235088788612,1,1
1062,0.01026937465727635,0.030085009622765578,1,1
1063,0.00988980952072842,0.022607238105805172,1,1
1064,0.02277323940919039,0.026415093148280614,1,1
1065,0.01618465479121219,0.03091506210038492,1,1
1066,0.00825475519935125,0.033339517821623824,1,1
1067,0.006624938076277029,0.011220675068496047,1,1
1068,0.018434236656806904,0.025166211532806092,1,1
1069,0.017612932988949507,0.04157954508914305,1,1
1070,0.011408115832185893,0.02186556347345678,1,1
1071,0.004735895031302279,0.015317691729742592,1,1
1072,0.009045840663342537,0.013574437089990963,1,1
1073,0.00671363718322918,0.02848609544326528,1,1
1074,0.00022691221156492998,0.008465555281527553,1,1
1075,0.006032017211618975,0.010990613572504861,1,1
1076,0.006869093144079503,0.008647870808311812,1,1
1077,0.006023920105391712,0.009979564478886743,1,1
1078,0.008269234716070124,0.016897706031791075,1,1
1079,0.008815676456630546,0.022067274811559866,1,1
1080,0.022058736009557954,0.03678887376564386,1,1
1081,0.0045293201783356,0.009661470002849807,1,1
1082,0.004712838816632421,0.026164102556129613,1,1
1083,0.031168934402649017,0.03450436534713641,1,1
1084,0.014180665365511233,0.031432480197879704,1,1
1085,0.002367686960872152,0.004066052406086043,1,1
1086,0.010572403806683638,0.01813967312279207,1,1
1087,0.006407567384328875,0.017957462877302422,1,1
1088,0.01611229050378782,0.0268059066392203,1,1
1089,0.0034759194857943683,0.005713155541729235,1,1
1090,0.006061523020123034,0.02507692293685173,1,1
1091,0.009176662086653416,0.011956047142236897,1,1
1092,0.007188712727493251,0.018335422506223175,1,1
1093,0.021042669898720858,0.045251663175711866,1,1
1094,0.0006371993685118352,0.0012271651245335012,1,1
1095,0.021399061906674684,0.029302184836430135,1,1
1096,0.019415961566930002,0.02222971093206393,1,1
1097,0.019567959772499845,0.03754189381517176,1,1
1098,0.04543215615698927,0.037806291533479516,0,1
1099,0.008551013240214716,0.02643873364023351,1,1
1100,0.006637538198997625,0.013046146930345833,1,1
1101,0.0161742569380919,0.02995692341913802,1,1
1102,0.004051114221427549,0.008629033057110717,1,1
1103,0.013421013315848747,0.021534684696192068,1,1
1104,0.004445708266559666,0.007573033002746904,1,1
1105,0.005721418331405196,0.01570626798545096,1,1
1106,0.004601042241335049,0.00863665541762411,1,1
1107,0.02462618064706216,0.030403490648639696,1,1
1108,0.013456875076453836,0.024870131314678967,1,1
1109,0.022650706278193603,0.02587766343659879,1,1
1110,0.004703849412273677,0.013232538014225382,1,1
1111,0.013041148134428429,0.01942541873901081,1,1
1112,0.0023333186512060474,0.01214645357531486,1,1
1113,0.004057558962229445,0.011714346753771098,1,1
1114,0.0031228007207385693,0.013968029013241297,1,1
1115,0.008052902139288104,0.019922571460292457,1,1
1116,0.00721113095599106,0.024818255452676363,1,1
1117,0.03767819425041212,0.05228365266540785,1,1
1118,0.006360659191789133,0.013019221306123069,1,1
1119,0.007471501417856879,0.024776590790367262,1,1
1120,0.00874846853965395,0.027611919034345542,1,1
1121,0.006280805571167871,0.025638960517508948,1,1
1122,0.00922007946498141,0.02996426414101366,1,1
1123,0.03282629871453559,0.04189726346130857,1,1
1124,0.020630764043270453,0.04139173506722588,1,1
1125,0.031092615950904214,0.037899982611291155,1,1
1126,0.02540428965638581,0.03631971127112926,1,1
1127,0.007113041820501285,0.01516876015269138,1,1
1128,0.01996265415351829,0.023960535985170308,1,1
1129,0.016922989555319436,0.026040644964176747,1,1
1130,0.022100963066177395,0.04068255711338923,1,1
1131,0.005082538193810918,0.024338639010049012,1,1
1132,0.00906360906484617,0.014078223961437592,1,1
1133,0.02778449002704567,0.03749136292809403,1,1
1134,0.005844328947868567,0.013248040463044867,1,1
1135,0.004888714581006822,0.018033074724685186,1,1
1136,0.02149602677430183,0.02684997270970069,1,1
1137,0.00025,0.0005,1,1
1138,0.00254100838968675,0.009910240809451434,1,1
1139,0.007079584841133851,0.012482888462103926,1,1
1140,0.003697964617654941,0.010781212922062152,1,1
1141,0.009741764595823233,0.029469342562391213,1,1
1142,0.011419518472896534,0.016730666419013444,1,1
1143,0.002052571074822625,0.013831170706963247,1,1
1144,0.039352536182410414,0.06306767680064639,1,1
1145,0.01729554789753789,0.027909210905801278,1,1
1146,0.026561793766563684,0.03903560987575646,1,1
1147,0.0071219158243084005,0.029643730722461986,1,1
1148,0.022700661491011898,0.04250284780429124,1,1
1149,0.011092242058223071,0.025399921632722956,1,1
1150,0.021224392938913237,0.029944479528519453,1,1
1151,0.013143110893565858,0.01389862256525031,1,1
1152,0.009650989451264323,0.03188673189182116,1,1
1153,0.017204577103676778,0.02298225803582152,1,1
1154,0.0019987761688069735,0.009878872792094253,1,1
1155,0.009666782592934447,0.026944417056746127,1,1
1156,0.005692881848422999,0.01770078677939881,1,1
1157,0.017621715585227477,0.034420323119445866,1,1
1158,0.0024640479747448495,0.0038151455288459478,1,1
1159,0.013879464861061997,0.026202127800269898,1,1
1160,0.02265263156527167,0.030419655640829605,1,1
1161,0.002646009505353821,0.00306074348069509,1,1
1162,0.02801592808376708,0.043539521304888806,1,1
1163,0.01051098814839713,0.02838791324413093,1,1
1164,0.019554382776854062,0.03359221001691123,1,1
1165,0.006122207659171723,0.025377177502353285,1,1
1166,0.006431525714418723,0.014951301666519567,1,1
1167,0.013394354273755698,0.01530680843019098,1,1
1168,0.01781117696475812,0.03582065824239895,1,1
1169,0.0040536812375813,0.01564622007293901,1,1
1170,0.022050684502110514,0.04543812026422144,1,1
1171,0.0,0.0005,1,1
1172,0.009601259781987007,0.017742163157829817,1,1
1173,0.010287643697322851,0.029474460628348898,1,1
1174,0.020688425199019752,0.03961138127302722,1,1
1175,0.01000258430264928,0.02142825068854683,1,1
1176,0.022209142716658144,0.027203666587341916,1,1
1177,0.02731670040598632,0.05219269354176582,1,1
1178,0.006854815679666828,0.010487619148671017,1,1
1179,0.0009174031212949539,0.007516025066337885,1,1
1180,0.0063776321142779485,0.018064012304904488,1,1
1181,0.017450017962513956,0.04184281569374755,1,1
1182,0.007772842884953848,0.01925894033830543,1,1
1183,0.016717273335361833,0.031192336459725536,1,1
1184,0.00606612429952984,0.017710910800251986,1,1
1185,0.011520169860605311,0.016088980881689776,1,1
1186,0.03573034319137445,0.05263221566266847,1,1
1187,0.0035986902359709944,0.026914744382300418,1,1
1188,0.003343322052600975,0.016534005424598937,1,1
1189,0.0014107862644182386,0.0049700809377331125,1,1
1190,0.0030656116844484087,0.0030942338787177744,1,1
1191,0.003900531631099546,0.017758503525046078,1,1
1192,0.007753935561459744,0.017715896615444433,1,1
1193,0.0020367140783210604,0.005475400079406148,1,1
1194,0.022781533317058345,0.03302229920368151,1,1
1195,0.00960308598557216,0.02718217697819311,1,1
1196,0.0178075623744836,0.02942794788808934,1,1
1197,0.018098174217072938,0.04687721559756582,1,1
1198,0.048093969112315525,0.06365725187977345,1,1
1199,0.0009145005229755912,0.010305272123038514,1,1
1200,0.008822598275114321,0.02246428644982744,1,1
1201,0.009444603707194263,0.011042358033225964,1,1
1202,0.01027909692660127,0.03411862830066528,1,1
1203,0.007553518520851347,0.028908814191559103,1,1
1204,0.011555516576318828,0.023260289292257492,1,1
1205,0.008278391600116026,0.032087394460903224,1,1
1206,0.010339911014960216,0.018258371047655327,1,1
1207,0.013981920496329833,0.023822622052765526,1,1
1208,0.017987222412557936,0.022612437209055116,1,1
1209,0.0018625346180030627,0.011707089193683361,1,1
1210,0.0052406144388671225,0.0202587269949488,1,1
1211,0.0062007048519692985,0.02803611464664316,1,1
1212,0.024456964271273186,0.0295397707595829,1,1
1213,0.004800950674743173,0.010505378956855002,1,1
1214,0.0021620177543476503,0.013381134622113914,1,1
1215,0.0290423158047323,0.02658294596277206,0,1
1216,0.006376243490877951,0.015798981732671826,1,1
1217,0.010294623061060562,0.025470647658016078,1,1
1218,0.005835235042058562,0.011049052737145239,1,1
1219,0.013038995347697,0.011456278594408028,0,1
1220,0.011238781525354789,0.024428495064046974,1,1
1221,0.007906522458265848,0.019845027446459815,1,1
1222,0.002107261810905047,0.007234989454289423,1,1
1223,0.010797776721543662,0.03570574905941288,1,1
1224,0.01322363150707376,0.015317134032573012,1,1
1225,0.004305436454380706,0.022265649029702496,1,1
1226,0.014271855480750906,0.03463334430331933,1,1
1227,0.016136393512739863,0.02620589404579799,1,1
1228,0.019216933140142434,0.02038457739152301,1,1
1229,0.015641795767754565,0.04101534550750036,1,1
1230,0.0015655329414098393,0.01072932246299126,1,1
1231,0.0215496346312716,0.025716900112580387,1,1
1232,0.009424080032464434,0.009722585900638247,1,1
1233,0.023273146980887307,0.029955127897998007,1,1
1234,0.0018137615604502514,0.003920323366282407,1,1
1235,0.004915972962195155,0.006954274808605441,1,1
1236,0.00513306181818086,0.005032717088094551,0,1
1237,0.017721830558984228,0.018812707915857818,1,1
1238,0.010598025854228922,0.038517106381742036,1,1
1239,0.02482417133058255,0.03359401404103606,1,1
1240,0.02613305425890273,0.04255399273593323,1,1
1241,0.01949119307798821,0.03731698526805865,1,1
1242,0.0025659699210825795,0.005229250595961155,1,1
1243,0.007769439519890309,0.025974403057564127,1,1
1244,0.006073958726545788,0.015036607063660761,1,1
1245,0.009562372225684653,0.0378099595944008,1,1
1246,0.01854709255173226,0.0271210292152156,1,1
1247,0.006491377161936736,0.023267503683427605,1,1
1248,0.02468832790368229,0.051404564055267804,1,1
1249,0.0061907407143961864,0.020834294983173924,1,1
1250,0.016865084884971387,0.037684526658764525,1,1
1251,0.0057919459967653115,0.01726683812713607,1,1
1252,0.005803990525613196,0.011764758893552626,1,1
1253,0.009426655048597308,0.01607033757214158,1,1
1254,0.013959140178375016,0.025951594748242546,1,1
1255,0.013794759236831901,0.027948241384009427,1,1
1256,0.009249517951877902,0.012376942337856005,1,1
1257,0.019341932929491087,0.04776489604558913,1,1
1258,0.017852200347894774,0.029406100062827036,1,1
1259,0.011258471312684764,0.023168497981730197,1,1
1260,0.004757858071065896,0.006794218169050465,1,1
1261,0.02156366972462904,0.027624222055456723,1,1
1262,0.0008561351373004447,0.006046316522899488,1,1
1263,0.00586587051632188,0.013552633870363142,1,1
1264,0.0028216298911803127,0.01133963861778681,1,1
1265,0.012149998636458508,0.032541381632068864,1,1
1266,0.02329131366143653,0.04526357775601721,1,1
1267,0.005620503612131232,0.016092868366707168,1,1
1268,0.007401648089378503,0.010173103238929108,1,1
1269,0.010415332898468353,0.010237139806524949,0,1
1270,0.00842275274173609,0.03298768836586693,1,1
1271,0.008518923292696727,0.010141850048049777,1,1
1272,0.013536322919511224,0.017690827509506516,1,1
1273,0.015867759557014798,0.016136107762906367,1,1
1274,0.015213226191992666,0.025805132852189848,1,1
1275,0.013489151995016366,0.01952700498024295,1,1
1276,0.010265031305300399,0.01735335525802839,1,1
1277,0.02610712885897055,0.0543686340928118,1,1
1278,0.06750775873780955,0.0598416315198075,0,1
1279,0.005692991826529756,0.006619335317756995,1,1
1280,0.00803463486608733,0.020459000917218622,1,1
1281,0.01417236408252357,0.017803874834024302,1,1
1282,0.03136097440346815,0.04005551363931459,1,1
1283,0.008295239244719683,0.029422751413232247,1,1
1284,0.019661963599329497,0.020677934362345444,1,1
1285,0.0027342879416348688,0.015144608406312035,1,1
1286,0.00962933900321696,0.027336340817738506,1,1
1287,0.006468063024510197,0.012630796961947783,1,1
1288,0.003122016080687255,0.021236947103699923,1,1
1289,0.010529654871183248,0.020224321083976263,1,1
1290,0.004596232778238332,0.01344351747428616,1,1
1291,0.017637497379683068,0.032190358174026906,1,1
1292,0.031053221301478817,0.049384162502306504,1,1
1293,0.021114980962097855,0.03229083558175924,1,1
1294,0.0071423512110193555,0.01619300867803967,1,1
1295,0.030811152249126828,0.04191311864969558,1,1
1296,0.009096385441282098,0.028326693297157816,1,1
1297,0.0036843580166194454,0.011157924366123628,1,1
1298,0.004052764377791304,0.015552983014129803,1,1
1299,0.009114510895805422,0.01489776518135908,1,1
1300,0.026104527840198382,0.04707487540956182,1,1
1301,0.003426144062197175,0.012021486843142512,1,1
1302,0.013687760192673542,0.017322578922084546,1,1
1303,0.024130852881886544,0.049676808430538205,1,1
1304,0.006250834001680394,0.012879510097621491,1,1
1305,0.02083214219271461,0.01739140580299549,0,1
1306,0.009391381879791938,0.01147233698421031,1,1
1307,0.011124823308384617,0.020777864994284242,1,1
1308,0.00882216910975641,0.0160393465754859,1,1
1309,0.006974970428498358,0.017344687008508143,1,1
1310,0.01526969476550285,0.032827098033405853,1,1
1311,0.0014464451562922135,0.005413129132098065,1,1
1312,0.02998384931925257,0.041027956908287956,1,1
1313,0.002120758794759796,0.001774041778824699,0,1
1314,0.008549610553372005,0.017802562029430164,1,1
1315,0.028671566581015155,0.05114647780131062,1,1
1316,0.011092603601429107,0.011891131625158242,1,1
1317,0.0037980641069660283,0.011186868569967425,1,1
1318,0.047422206628015426,0.054823120859149164,1,1
1319,0.020538119243998846,0.02611250008204944,1,1
1320,0.021302818144222784,0.035704782560012596,1,1
1321,0.011423813650268377,0.022598467803081522,1,1
1322,0.004463265466965452,0.019401469301820275,1,1
1323,0.006010836290111046,0.02050343281610034,1,1
1324,0.004365594845262664,0.011423180357917234,1,1
1325,0.01567834949545033,0.03403420645808011,1,1
1326,0.002962226500104528,0.011022244496415787,1,1
1327,0.027174792839881484,0.04570179687293609,1,1
1328,0.004870898330563221,0.01364503989076454,1,1
1329,0.004163918060357368,0.011920264451551987,1,1
1330,0.012313379364740742,0.025840500367203447,1,1
1331,0.017112294443860702,0.01623343747087772,0,1
1332,0.0029727819240696032,0.0046542690119312285,1,1
1333,0.0012045176245721741,0.004351596968577131,1,1
1334,0.0036795260219867195,0.014977010831081257,1,1
1335,0.00984652681327569,0.015789960779721956,1,1
1336,0.011195016884898656,0.022940016902939887,1,1
1337,0.006175014537330436,0.022089270110470998,1,1
1338,0.008907666991164718,0.01738618858956158,1,1
1339,0.041459662301565704,0.05486429740254857,1,1
1340,0.0049325738825376966,0.010168141125555278,1,1
1341,0.010082687751572143,0.0241527696814879,1,1
1342,0.019063481134197882,0.020055776814762602,1,1
1343,0.014183084364355912,0.046419002455560084,1,1
1344,0.007952325937990768,0.00994918850490802,1,1
1345,0.010864424600512936,0.009933011559133446,0,1
1346,0.007200418454022544,0.015621045131658297,1,1
1347,0.020820036622338906,0.019286884902324393,0,1
1348,0.009081268807658794,0.034421495498150954,1,1
1349,0.006424755819571764,0.015059674907763849,1,1
1350,0.008710704501385908,0.027498678064809913,1,1
1351,0.03530091765162771,0.03942176501122332,1,1
1352,0.019631811938204034,0.028486582402758736,1,1
1353,0.00808268863058627,0.014527421149937833,1,1
1354,0.012749449426175053,0.03469879058501028,1,1
1355,0.028985319633385898,0.03327263268705792,1,1
1356,0.015553875447986632,0.013513946342612087,0,1
1357,0.014525551900297152,0.028035002732408505,1,1
1358,0.016654083204946216,0.02389686241450161,1,1
1359,0.009833093135974597,0.039059584262950614,1,1
1360,0.004471497528322787,0.011572883926242089,1,1
1361,0.01685551606692188,0.02449672843888502,1,1
1362,0.010165751585030981,0.020421213385359075,1,1
1363,0.00790551308438619,0.012413405837946463,1,1
1364,0.0011544793047472972,0.0059991689692474445,1,1
1365,0.011255262515811822,0.02214781114826237,1,1
1366,0.015932118970228927,0.035467298645111014,1,1
1367,0.02591044048999167,0.04294751793560008,1,1
1368,0.02884519798616244,0.04260273869707317,1,1
1369,0.05477026584241565,0.04316611988815084,0,1
1370,0.009677984312073003,0.018519728057158253,1,1
1371,0.01989707962609165,0.017972981697768096,0,1
1372,0.0008174215591244924,0.0009043733238731127,1,1
1373,0.00428703580410904,0.015303534540675295,1,1
1374,0.0048148819367959325,0.015448869153736142,1,1
1375,0.007043158902037919,0.018335098421823827,1,1
1376,0.002412390133110852,0.012562781559884379,1,1
1377,0.026495461230212465,0.03722160419801768,1,1
1378,0.00018826046806344696,0.0006882604680634469,1,1
1379,0.008481358930306306,0.026609188521583615,1,1
1380,0.021923462727474613,0.023440586187539237,1,1
1381,0.008972722375673137,0.02091131426562365,1,1
1382,0.010434409537248267,0.03228764974632212,1,1
1383,0.020853801766360754,0.024607007941538177,1,1
1384,0.012856238413090795,0.026027441542047516,1,1
1385,0.024413200566162994,0.05030133305230921,1,1
1386,0.01359818137715925,0.030677016817213045,1,1
1387,0.009274208799016718,0.01365638994439813,1,1
1388,0.0188234319965877,0.032344230131402744,1,1
1389,0.0063963566395043745,0.005528025101063057,0,1
1390,0.002353653673850659,0.004417788724681311,1,1
1391,0.015278976984572703,0.013945340233367652,0,1
1392,0.003620966288954474,0.011744171014086192,1,1
1393,0.012076925579758988,0.03332080995989081,1,1
1394,0.00641725101513725,0.021471614806255646,1,1
1395,0.0033301529114140257,0.0033345213874344257,1,1
1396,0.030387784730646607,0.04283405848088203,1,1
1397,0.0046372242090453025,0.013246276037880369,1,1
1398,0.014243983885889242,0.01854974596779212,1,1
1399,0.011169016592344797,0.03665533109858288,1,1
1400,0.004216836022176152,0.019157817288576143,1,1
1401,0.015283730581753328,0.014190381687741782,0,1
1402,0.019952359207778218,0.019963118922474037,1,1
1403,0.0070278953447138175,0.0077843638656372805,1,1
1404,0.025258498873864266,0.06284704982446837,1,1
1405,0.011902386316538494,0.014101114747978207,1,1
1406,0.01006607709713695,0.005356547379448108,0,1
1407,0.018072910841152087,0.03686944947957031,1,1
1408,0.007620479731239242,0.00694967829753237,0,1
1409,0.002462044390986011,0.00893664699528243,1,1
1410,0.010042771783783516,0.01884076733931915,1,1
1411,0.0003042127754840931,0.001488904119420866,1,1
1412,0.007024916688804931,0.03803149658480905,1,1
1413,0.007729728316081164,0.01933752168584839,1,1
1414,0.008398803799754433,0.02379842060403667,1,1
1415,0.005471698007010722,0.0196665776909436,1,1
1416,0.016979699747977143,0.03452378707125925,1,1
1417,0.0197371009667869,0.025538974934115218,1,1
1418,0.00455659246274431,0.005525075153174987,1,1
1419,0.016047273408756738,0.04242110135602632,1,1
1420,0.006472580431618689,0.012088065250293701,1,1
1421,0.00560862989739648,0.02282065304953641,1,1
1422,0.001984688011583328,0.014720734818862512,1,1
1423,0.0011172580566842015,0.0063492651692185105,1,1
1424,0.012189915852187243,0.03461965805067403,1,1
1425,0.011501922567787376,0.019730958861472168,1,1
1426,0.015962277661850197,0.020432448650963088,1,1
1427,0.014263645465706257,0.020604847299287257,1,1
1428,0.009591557826320029,0.020558813326798354,1,1
1429,0.025239693335788342,0.04895659893068097,1,1
1430,0.029431912276022137,0.051280581784650496,1,1
1431,0.024298924108140784,0.010534777857456457,0,1
1432,0.038201965793727234,0.004504066385489512,0,1
1433,0.026550493509657033,0.025498156121255222,0,1
1434,0.010909176948610669,0.025612196362603794,1,1
1435,0.012189551843529578,0.028074790004751996,1,1
1436,0.009634782056799383,0.02431279233549334,1,1
1437,0.018116692402647,0.02940620203398956,1,1
1438,0.010162886636428512,0.017749790135863655,1,1
1439,0.021504942343947925,0.021246768263104156,0,1
1440,0.010068761736249392,0.021657373562644782,1,1
1441,0.009097844316123193,0.011520671685353782,1,1
1442,0.014409168705403635,0.02813789284497554,1,1
1443,0.022505812989983803,0.027054897019422076,1,1
1444,0.0016707927495609007,0.010948116083059052,1,1
1445,0.003998049233535834,0.00497853072067163,1,1
1446,0.03800515285692486,0.05248998098111368,1,1
1447,0.008828877268899337,0.018867687688327358,1,1
1448,0.029902815504917284,0.039832939562315546,1,1
1449,0.00623340730903967,0.01830684174321519,1,1
1450,0.010129010334806397,0.035230461365847524,1,1
1451,0.012705016048105753,0.03358697127772633,1,1
1452,0.001695325088607049,0.00928371112530602,1,1
1453,0.01791591927133382,0.0266165878046908,1,1
1454,0.005989561782697332,0.006467950962735775,1,1
1455,0.008239021614528925,0.012083982692461007,1,1
1456,0.014328924614307932,0.01570502658806541,1,1
1457,0.0010475330969422255,0.003550885385454559,1,1
1458,0.004155992709626327,0.026168648445184545,1,1
1459,0.015283696368189903,0.031758646461477275,1,1
1460,0.022190484169926698,0.019510098703323077,0,1
1461,0.004271480890061651,0.01717077867252539,1,1
1462,0.03166109357276922,0.06592156447426284,1,1
1463,0.004402327352246589,0.013218369349593407,1,1
1464,0.010480124842598406,0.016770537511549822,1,1
1465,0.012961926824167774,0.026775665291794218,1,1
1466,0.010772227124711877,0.02979885666480101,1,1
1467,0.0072326622086127295,0.018020506520483405,1,1
1468,0.027573655143226083,0.04467624810720625,1,1
1469,0.004334745957127648,0.013730097197887325,1,1
1470,0.015398306282087743,0.03904851719456678,1,1
1471,0.014693421580546545,0.02915056388955556,1,1
1472,0.004913222933093815,0.02430802626905921,1,1
1473,0.006053594173550581,0.005273484976655569,0,1
1474,0.0508474483396474,0.05978406088380294,1,1
1475,0.015504460548126446,0.030809913358363847,1,1
1476,0.006255758140716945,0.010477547955356803,1,1
1477,0.005477532992073075,0.012903462709606137,1,1
1478,0.015453018001916482,0.013958756515803762,0,1
1479,0.04764582906561946,0.060016920383813614,1,1
1480,0.018457803504006245,0.02428855477731093,1,1
1481,0.013640909686112191,0.04165808048524634,1,1
1482,0.001597522421591042,0.010793919634284176,1,1
1483,0.00596669312642865,0.014931782482975563,1,1
1484,0.017374373474966197,0.02518729309596906,1,1
1485,0.002148364023477513,0.00999706817731702,1,1
1486,0.008899077112644137,0.027977534461770252,1,1
1487,0.019539395720053518,0.02439769452862874,1,1
1488,0.01115319650117015,0.01057834650936147,0,1
1489,0.025021966765053673,0.03299407708750786,1,1
1490,0.00802848678803198,0.03177035315541746,1,1
1491,0.009300166309884937,0.009787940946112258,1,1
1492,0.013837474279015464,0.018627003647369557,1,1
1493,0.003632166058802026,0.0077849640585471,1,1
1494,0.005091119201609652,0.019364074948852464,1,1
1495,0.00560282673746975,0.012098014039021632,1,1
1496,0.013513795319235942,0.027752253642529433,1,1
1497,0.008257988243635656,0.014171126107240478,1,1
1498,0.02890890312779156,0.04879536166140269,1,1
1499,0.00363535499300062,0.013525644910465038,1,1
1500,0.004148190755808157,0.02695004781946374,1,1
1501,0.012920181752278673,0.018001890331453732,1,1
1502,0.001523995737631876,0.012760305723666559,1,1
1503,0.005138974727837519,0.009968644060984827,1,1
1504,0.015340369113487703,0.0332792831636839,1,1
1505,0.00457673483277875,0.010032448161619235,1,1
1506,0.005939229775552145,0.01470861483323175,1,1
1507,0.006264610220805146,0.005378860028033361,0,1
1508,0.00863008792004093,0.01986652785676196,1,1
1509,0.006967530560120947,0.010723652938360114,1,1
1510,0.003011710907200605,0.012182876816463928,1,1
1511,0.0017001733376439104,0.008968021804402728,1,1
1512,0.006645739540616587,0.016199050696817714,1,1
1513,0.00498958643783221,0.01697507170937906,1,1
1514,0.0041094664471987,0.007931238067967033,1,1
1515,0.011784602832886407,0.014555604689049848,1,1
1516,0.0034265196694309302,0.010983422067820835,1,1
1517,0.03248184894981845,0.010906847934443896,0,1
1518,0.006687786132405254,0.023970595787503376,1,1
1519,0.012618264546033108,0.01618089216544847,1,1
1520,0.004127225432383622,0.01129337123036411,1,1
1521,0.02330798010504964,0.029702899154600147,1,1
1522,0.004620455686100449,0.010508032524063578,1,1
1523,0.03894394407536382,0.059884558467906954,1,1
1524,0.02067137239623775,0.042041368073087074,1,1
1525,0.013123969105858104,0.02115435110602823,1,1
1526,0.009094204148851112,0.012503238321839099,1,1
1527,0.005191050705161781,0.01406429760192149,1,1
1528,0.04792549815084663,0.038979015007200774,0,1
1529,0.00625532302778162,0.005737376297412587,0,1
1530,0.0313794968921157,0.013239677653661653,0,1
1531,0.009688555430069473,0.024175572501244594,1,1
1532,0.014013414525461992,0.03872861275732832,1,1
1533,0.030224242566791095,0.04527885371855979,1,1
1534,0.005516014145721757,0.006816342394771024,1,1
1535,0.004147149758515473,0.002498135276513061,0,1
1536,0.014009205454133642,0.025336095951322454,1,1
1537,0.01191620832514419,0.017609637500359668,1,1
1538,0.006718371682242931,0.015090068924378648,1,1
1539,0.00023231285558111036,0.0007323128555811103,1,1
1540,0.0034536698953392397,0.004999524360489669,1,1
1541,0.004778358626119668,0.013628644340520905,1,1
1542,0.008164818773258298,0.030547493153459507,1,1
1543,0.014005780410899695,0.012904271731633034,0,1
1544,0.013339230319726357,0.0233497162956979,1,1
1545,0.001721318332516638,0.010263070219530419,1,1
1546,0.01217543230528806,0.00882608894542492,0,1
1547,0.0057241329874877876,0.02150066172642104,1,1
1548,0.008086705742392866,0.027132121220164184,1,1
1549,0.005248334943282435,0.012216290381980771,1,1
1550,0.014920934729701402,0.012441289241525943,0,1
1551,0.014772552841419862,0.03828833178283595,1,1
1552,0.009299101792007122,0.014911305493568906,1,1
1553,0.025309581120040867,0.0363924828213276,1,1
1554,0.001278855824685511,0.0038164936521347067,1,1
1555,0.003842308293106649,0.00806645652808747,1,1
1556,0.028993625349892263,0.04299343201345256,1,1
1557,0.011353491684210829,0.03968961339227286,1,1
1558,0.016495598407922318,0.023849964073189654,1,1
1559,0.0062858335910480284,0.014930168089932276,1,1
1560,0.018991818350177443,0.022771433350616776,1,1
1561,0.033078846071207986,0.043146794817027816,1,1
1562,0.004806673966395986,0.00562581897044208,1,1
1563,0.005682744582743914,0.010643848870909266,1,1
1564,0.004097736378919648,0.007129857505595541,1,1
1565,0.0028019113124429793,0.01609003311146821,1,1
1566,0.004391130483087311,0.023570668466666014,1,1
1567,0.011107248902810488,0.020824626781446,1,1
1568,0.0015582836699773168,0.00954327306296716,1,1
1569,0.0036704002330899465,0.0049284042240680045,1,1
1570,0.006264384787774381,0.020343325772808115,1,1
1571,0.014885145916705906,0.025579406862207967,1,1
1572,0.010483446747858774,0.02064993126831882,1,1
1573,0.023135745382400062,0.042908683001739986,1,1
1574,0.0038815875272179673,0.008241301741584802,1,1
1575,0.002557616940995387,0.0013958747803913573,0,1
1576,0.006531142548433675,0.010813717945978516,1,1
1577,0.009671483540845394,0.0268219772978737,1,1
1578,0.020543213835941227,0.025595834825688547,1,1
1579,0.008395894576890781,0.02628701090033244,1,1
1580,0.023898745389095935,0.042458260350708335,1,1
1581,0.02415119730524017,0.038643458444012686,1,1
1582,0.006957849454060224,0.0178604270213338,1,1
1583,0.0077759307135475565,0.01922159968591626,1,1
1584,0.004759157996809053,0.014405668025296694,1,1
1585,0.008439648321999567,0.01821153877025649,1,1
1586,0.006591920273585986,0.016303122769906645,1,1
1587,0.009016738979079793,0.010911636314659606,1,1
1588,0.01340984840507586,0.02493660853211644,1,1
1589,0.005501971323871941,0.024456217289899957,1,1
1590,0.021522818833300025,0.03486043327617458,1,1
1591,0.01065157778173601,0.014983564183817525,1,1
1592,0.002180493589486278,0.015859885671971885,1,1
1593,0.012734156774777237,0.011304547993449763,0,1
1594,0.007884290443057688,0.012887112059517085,1,1
1595,0.032366214611143564,0.04399425851264301,1,1
1596,0.0022899390874960663,0.015321433049476274,1,1
1597,0.0,0.0005,1,1
1598,0.00037269600551280923,0.0010115047911407546,1,1
1599,0.016158763721286357,0.01992828707981235,1,1
1600,0.00508058866404002,0.022314916196168363,1,1
1601,0.006534416584023717,0.020402653926985682,1,1
1602,0.016416902614033394,0.029676411022128965,1,1
1603,0.022534689287334635,0.031275290125353475,1,1
1604,0.0033691641383301065,0.008875165128984352,1,1
1605,0.0045837933144299795,0.020472582449959094,1,1
1606,0.0015862602207235455,0.008328287292212558,1,1
1607,0.030100782725565392,0.045195311178800775,1,1
1608,0.017815792099888046,0.027939217468440525,1,1
1609,0.004692954545282673,0.015961976105867772,1,1
1610,0.01575588437904179,0.03288256419174498,1,1
1611,0.01228655245322078,0.037521143706459675,1,1
1612,0.012017809888474546,0.03538456624484578,1,1
1613,0.0073872902495200074,0.010383121206678208,1,1
1614,0.020146474827639663,0.025456397154553376,1,1
1615,0.0017793452953343072,0.018080411737270957,1,1
1616,0.001049995657918172,0.005202234242627771,1,1
1617,0.0053717438450672445,0.023990545702890057,1,1
1618,0.009549086297968896,0.015959470175411865,1,1
1619,0.006345945180839299,0.02930826581300578,1,1
1620,0.02091201401902962,0.0227186356015292,1,1
1621,0.0034097221154706864,0.005235816841647025,1,1
1622,0.004946752626533623,0.023874866012257006,1,1
1623,0.022033161717438597,0.03164859748960243,1,1
1624,0.017875695880849238,0.01928361282441731,1,1
1625,0.006150649116635848,0.006892445111520731,1,1
1626,0.009748712531737737,0.030136335003446535,1,1
1627,0.002336769607685236,0.013237603661777456,1,1
1628,0.010957365335747251,0.0352695117779186,1,1
1629,0.002050908364195029,0.015081491025645613,1,1
1630,0.003856636738832395,0.0238343736771391,1,1
1631,0.006689294428556734,0.018968255227453587,1,1
1632,0.006080154047121727,0.021802540344622777,1,1
1633,0.0026181294152801907,0.004813533410442002,1,1
1634,0.003509886927928282,0.023538515398369743,1,1
1635,0.018865379356382043,0.04100371090801246,1,1
1636,0.0026236681087676316,0.013126792556635123,1,1
1637,0.009377023195106002,0.037821202229523516,1,1
1638,0.053469493254707436,0.07148621511867391,1,1
1639,0.019413114743435576,0.02815550925974632,1,1
1640,0.013111412525705931,0.032177024445053055,1,1
1641,0.00794642606168323,0.025838498924358758,1,1
1642,0.006676448927954684,0.020985114637738257,1,1
1643,0.030636271095973663,0.050029322152990836,1,1
1644,0.009629643404147091,0.014502727140869798,1,1
1645,0.006434016874967504,0.015440503281613168,1,1
1646,0.00175391696829512,0.0017429303106232482,0,1
1647,0.04055307121963765,0.06000636690106266,1,1
1648,0.006997362039415399,0.01812872936324248,1,1
1649,0.005505912293452337,0.027256022988425537,1,1
1650,0.004332417160249037,0.011779192331114892,1,1
1651,0.015681969094145626,0.019850620033620082,1,1
1652,0.00472385657833076,0.004999581189106166,1,1
1653,0.015045848897604111,0.03128626193442979,1,1
1654,0.01408103649461931,0.02286470765595437,1,1
1655,0.015393662349770451,0.019912409519300286,1,1
1656,0.035580030265166714,0.008311593368088966,0,1
1657,0.03645342985887765,0.05508567893453442,1,1
1658,0.008430467082499834,0.020737359573109983,1,1
1659,0.008125357843479338,0.007900472575009119,0,1
1660,0.0034695298330539508,0.004157118780156485,1,1
1661,0.002625931336495918,0.009913835080688518,1,1
1662,0.008899763938723057,0.012405908133121656,1,1
1663,0.012180068698401717,0.020966238237364127,1,1
1664,0.014811925148160097,0.030086681430260283,1,1
1665,0.006640809811982869,0.01431331648582653,1,1
1666,0.0065284465435264515,0.009748581765242771,1,1
1667,0.010515385544142348,0.020445321830048525,1,1
1668,0.008738183457660482,0.012679936572564403,1,1
1669,0.010252599844958195,0.015144629763270056,1,1
1670,0.004713903178727227,0.017712527270463362,1,1
1671,0.006791699051246024,0.027353395265121153,1,1
1672,0.015346825146106484,0.04323683425906639,1,1
1673,0.0041173364022544555,0.01583039102643958,1,1
1674,0.04209858293856746,0.035421513570654234,0,1
1675,0.02749261774189392,0.05296475237543873,1,1
1676,0.0008636172876428247,0.00428978521214052,1,1
1677,0.01950868027367519,0.022027520190478916,1,1
1678,0.012357716600770023,0.023535609521788712,1,1
1679,0.00016041621640884847,0.0011595569106942155,1,1
1680,0.013440847554966922,0.020120069392937655,1,1
1681,0.009053977593458952,0.011719499342675535,1,1
1682,0.009768299740777357,0.009938050739414958,1,1
1683,0.0058734744970746775,0.023485799544397272,1,1
1684,0.0046248300387437494,0.018247605087235285,1,1
1685,0.010050950985119695,0.03392736973182096,1,1
1686,0.003185717062780749,0.015468780736135621,1,1
1687,0.009338078081284546,0.03553360999039579,1,1
1688,0.05209853827920114,0.051629370027511584,0,1
1689,0.01386954497760874,0.0312646709009106,1,1
1690,0.003678042829026023,0.010337542304340738,1,1
1691,0.01306679197414894,0.017143375274461494,1,1
1692,0.05148825532656344,0.0686964826690524,1,1
1693,0.0,0.0005,1,1
1694,0.017435701443161918,0.021166792932177728,1,1
1695,0.029372003200712312,0.03491071406468051,1,1
1696,0.001622481818198264,0.00794556469604952,1,1
1697,0.005388642055296672,0.018540206370647603,1,1
1698,0.006085210215911611,0.029422006567788192,1,1
1699,0.008043340053906098,0.01735865102747935,1,1
1700,0.005371392914131653,0.01699454510696667,1,1
1701,0.016204345501785525,0.024279437171256545,1,1
1702,0.018371268844276003,0.03170006695198866,1,1
1703,0.007069704651262534,0.012581639866180468,1,1
1704,0.006754957784123848,0.012039202059309414,1,1
1705,0.02007054775187445,0.036056038176324495,1,1
1706,0.012186328722645003,0.018487178161794175,1,1
1707,0.0025279803596802166,0.012842764151077072,1,1
1708,0.011194833567813194,0.008896125175859896,0,1
1709,0.007206624652530615,0.030235189013049897,1,1
1710,0.0020106501681841473,0.008699337500787252,1,1
1711,0.01675091459179971,0.04060415047017041,1,1
1712,0.014134793579095865,0.023542253399407312,1,1
1713,0.0035284180493788137,0.028818111308613413,1,1
1714,0.005710859105282927,0.020645989530831285,1,1
1715,0.013890460074184395,0.009849640698492049,0,1
1716,0.027976301159111178,0.028451849125811862,1,1
1717,0.0,0.0015454840142413231,1,1
1718,0.00882241457783642,0.013179942835674493,1,1
1719,0.0063695255672201094,0.013936664678501654,1,1
1720,0.023232000161651598,0.03310298369689769,1,1
1721,0.0274147195075237,0.03594498163662054,1,1
1722,0.025254864615787378,0.037825407674891516,1,1
1723,0.0017856871957075621,0.0038435611835282543,1,1
1724,0.009003521230463267,0.018434873983590984,1,1
1725,0.0004994565282304447,0.0064934783387653365,1,1
1726,0.0014434016571706657,0.009180857218818075,1,1
1727,0.008209521186625114,0.015084729400432489,1,1
1728,0.029069694792543566,0.05279341658801928,1,1
1729,0.004668172483201848,0.02828630317295258,1,1
1730,0.013876357016135762,0.03673222919592901,1,1
1731,0.008308472507848231,0.03645556085074065,1,1
1732,0.015130411087337106,0.027821737356140294,1,1
1733,0.010889587634984061,0.0173601448603347,1,1
1734,0.010654587348527795,0.0336123963679207,1,1
1735,0.014622509946822319,0.01652333273823889,1,1
1736,0.010612486220157577,0.0406124715533402,1,1
1737,0.003446195225965197,0.015330594639646764,1,1
1738,0.015516842407214114,0.028093275980767756,1,1
1739,0.04114356773945339,0.04717000040190726,1,1
1740,0.0009045626746584088,0.004324865492698319,1,1
1741,0.027198396367121076,0.030661192041267302,1,1
1742,0.018329750951704395,0.025105085684312273,1,1
1743,0.024436824181429125,0.0207775553710304,0,1
1744,0.0071494865304642455,0.01702259714372709,1,1
1745,0.0009135032593625784,0.012086849907807966,1,1
1746,0.016718186223717187,0.016922930285516703,1,1
1747,0.006799507295641297,0.016343396838418456,1,1
1748,0.0043338551550797305,0.016460846114768144,1,1
1749,0.01660975725387558,0.025891555255084745,1,1
1750,0.0016994265823374335,0.0034422149814337197,1,1
1751,0.008688270370950043,0.023540334792502227,1,1
1752,0.010104616182575943,0.022602539459124858,1,1
1753,0.006109871986933234,0.024960621133737752,1,1
1754,0.0015010587441449661,0.013918425845301502,1,1
1755,0.008234350680395502,0.012588531240224328,1,1
1756,0.014443817554325339,0.025691813284342023,1,1
1757,0.012007325300008757,0.023525810673433706,1,1
1758,0.008746867228310199,0.0344762485275437,1,1
1759,0.016288012538361915,0.010551499261264148,0,1
1760,0.0005984698141909904,0.0028042664345391305,1,1
1761,0.018710799779202033,0.036866153875331376,1,1
1762,0.004711654472381486,0.008377453437625694,1,1
1763,0.010865797849533633,0.019086925230258858,1,1
1764,0.019123113656560723,0.033688852259273705,1,1
1765,0.0010825269096238022,0.0034889664213507946,1,1
1766,0.0033146356934261965,0.009818373193702457,1,1
1767,0.005299451683092904,0.012619890871939182,1,1
1768,0.013895148552399955,0.02598226170510766,1,1
1769,0.011025182579206979,0.015554299447552402,1,1
1770,0.0016037679495541812,0.004933642477728222,1,1
1771,0.005620294299491829,0.01677103898745063,1,1
1772,0.03322501164981881,0.04165673124342717,1,1
1773,0.0026777635940972285,0.010590969377988507,1,1
1774,0.005368408511798927,0.02038068176774096,1,1
1775,0.013224734530911116,0.020155409579651385,1,1
1776,0.004012548202550812,0.012963955235370478,1,1
1777,0.02957276716518586,0.03700067326085995,1,1
1778,0.018771795999786338,0.0359582760741808,1,1
1779,0.015161284910475926,0.026184691552476987,1,1
1780,0.011091914789563395,0.024988373618573426,1,1
1781,0.010990314320121968,0.02037615916008934,1,1
1782,0.011484089781015476,0.0233857603570256,1,1
1783,0.048964846622500155,0.03534595538988707,0,1
1784,0.005603827229306599,0.02378022180290982,1,1
1785,0.05323592047422827,0.037060090266003785,0,1
1786,0.018577557620820497,0.04030967511528701,1,1
1787,0.009403054839721885,0.04099924846824466,1,1
1788,0.012022184128657444,0.03610230669110219,1,1
1789,0.012136347337826371,0.025674062941700618,1,1
1790,0.00853194932152297,0.031270964926332384,1,1
1791,0.012239579134247657,0.013860150795278343,1,1
1792,0.022584205128316454,0.031617974658254,1,1
1793,0.04665944759819202,0.02426175410569166,0,1
1794,0.00034270675995909844,0.0015494905401739897,1,1
1795,0.02033167331889061,0.014693295953720986,0,1
1796,0.009695197233666436,0.015439781292834581,1,1
1797,0.008777254483137693,0.012829389809698881,1,1
1798,0.0019394944166249211,0.019853079479336847,1,1
1799,0.014548437024508143,0.021242621608065497,1,1
1800,0.005660002288415365,0.016399074658844222,1,1
1801,0.008177429763491093,0.027251176639208483,1,1
1802,0.005057071225756577,0.008855356019751244,1,1
1803,0.014402597856381759,0.0535059713716019,1,1
1804,0.010645693178560537,0.03575058128495781,1,1
1805,0.0036925059981847462,0.009273056797514428,1,1
1806,0.005686905620957687,0.02155575772958769,1,1
1807,0.0035275463915299464,0.019979580469276823,1,1
1808,0.017331599737369148,0.035023485886683046,1,1
1809,0.004843635884084639,0.01662891647472888,1,1
1810,0.018397577962664422,0.023723578230078868,1,1
1811,0.01229527731848864,0.015565851685774044,1,1
1812,0.01302626798451268,0.01555449214618394,1,1
1813,0.015497144304864369,0.032247208054220454,1,1
1814,0.008751251261584584,0.024035172828570484,1,1
1815,0.00521529619272509,0.016998747629855843,1,1
1816,0.020681754617076904,0.028172086462958486,1,1
1817,0.0010011024658008695,0.0030515876825452483,1,1
1818,0.0071202026005589905,0.018525222756836386,1,1
1819,0.007735359512395769,0.023730603832744224,1,1
1820,0.0026898128669723014,0.014821876023277909,1,1
1821,0.017838006878871354,0.023471613738668066,1,1
1822,0.01665133800771492,0.029219832522440037,1,1
1823,0.00975542388483999,0.026985791227103987,1,1
1824,0.006026724000551841,0.02896965551554154,1,1
1825,0.005208680597033356,0.018951170884480544,1,1
1826,0.012845834642920093,0.013901247768678767,1,1
1827,0.005772953770279012,0.014487152625797608,1,1
1828,0.030180793880633886,0.05807911965115525,1,1
1829,0.008127838633157606,0.015473548331832088,1,1
1830,0.006364927706984184,0.029014016664242054,1,1
1831,0.004850939499531757,0.010551725432797893,1,1
1832,0.008736260956219074,0.01705922097917627,1,1
1833,0.0018037665767098568,0.011518317312335352,1,1
1834,0.010482696230904226,0.03020039248450538,1,1
1835,0.007467140413420068,0.020556505657478838,1,1
1836,0.009952616994376103,0.01027986468662332,1,1
1837,0.0126100897912949,0.032722131569887514,1,1
1838,0.023686154225367392,0.021418167753988263,0,1
1839,0.005877194700780238,0.01217003999804144,1,1
1840,0.0025764283839885787,0.012173395758764728,1,1
1841,0.02733861925058823,0.034758951765209094,1,1
1842,0.005650225373854704,0.01581122555367471,1,1
1843,0.01708205223776291,0.02242370838210687,1,1
1844,0.010808738190674173,0.03198256319102193,1,1
1845,0.02097201589755779,0.02789822286224557,1,1
1846,0.017675148424798802,0.034982945345608855,1,1
1847,0.006283143619828746,0.012124598718952667,1,1
1848,0.008794586298673465,0.034124736340178444,1,1
1849,0.008852435397176592,0.011763107902071988,1,1
1850,0.02338690115858336,0.018295822482496317,0,1
1851,0.0041782778345135,0.013355584812330101,1,1
1852,0.004206091805066664,0.01748054348366466,1,1
1853,0.005511590888757851,0.0104324632289459,1,1
1854,0.014820097532588481,0.013936648893095262,0,1
1855,0.016628709480265253,0.027184468527301824,1,1
1856,0.05514842457666614,0.04630665464466453,0,1
1857,0.02540140087677995,0.029889707420825765,1,1
1858,0.001954069444278222,0.010058548373152993,1,1
1859,0.010138076840460402,0.030010562494190214,1,1
1860,0.02301774668167994,0.03256080368233409,1,1
1861,0.003635856941073135,0.00843278809675221,1,1
1862,0.006711220166130284,0.02975061104194985,1,1
1863,0.010271338087863987,0.013057787991653486,1,1
1864,0.003622290322065469,0.006802086269227594,1,1
1865,0.02163816943632913,0.018442803396950327,0,1
1866,0.02094448915625849,0.025936097169663656,1,1
1867,0.01591415338590366,0.026396385244916255,1,1
1868,0.0046666212791499715,0.01511453828419063,1,1
1869,0.029578639866374556,0.04129262517132409,1,1
1870,0.003018722785289755,0.015676876249518416,1,1
1871,0.009528211567303572,0.03910027525166443,1,1
1872,0.001022955627605258,0.00292215125321062,1,1
1873,0.014860455532687477,0.019940455632753627,1,1
1874,0.024927786315494655,0.02971000595187874,1,1
1875,0.0053931540676944245,0.010408604019761451,1,1
1876,0.0212271637206059,0.031067414671044236,1,1
1877,0.002380752887593929,0.005295810668811867,1,1
1878,0.013910742011919185,0.03970429985342545,1,1
1879,0.013494265570136742,0.015505969513820704,1,1
1880,0.005007429183101498,0.007660462003871678,1,1
1881,0.006067208736196081,0.017944778402242886,1,1
1882,0.005192544886083746,0.01689157213005575,1,1
1883,0.0066212415352320106,0.010388535108770252,1,1
1884,0.017350611222093477,0.05101989573604885,1,1
1885,0.003920273212608884,0.012790215431928738,1,1
1886,0.022410608198692915,0.024995944055464334,1,1
1887,0.0025642348099517613,0.011260860047070326,1,1
1888,0.017107200486825076,0.031351281324169415,1,1
1889,0.004778672154415302,0.025722169559891626,1,1
1890,0.018691778150972494,0.052215831894736164,1,1
1891,0.01950288075257594,0.02134169999348095,1,1
1892,0.017512316832366898,0.021148636042703207,1,1
1893,0.010664670475145237,0.027865202213006736,1,1
1894,0.010193198270600777,0.02121422118565336,1,1
1895,0.019576782311591764,0.03763428565753966,1,1
1896,0.00964747502908544,0.04093555885257325,1,1
1897,0.002764903371007855,0.010839813223547731,1,1
1898,0.0031849782304842634,0.021786613089814933,1,1
1899,0.0011117746603628803,0.00643431557616339,1,1
1900,0.009846946250994427,0.015665649955183252,1,1
1901,0.010593400177844377,0.021413259899744717,1,1
1902,0.010006482794108772,0.01932837144768812,1,1
1903,0.013909803120568096,0.016278247352947642,1,1
1904,0.0006583881457764397,0.0022972892940858647,1,1
1905,0.006956832874880529,0.03629062311528805,1,1
1906,0.0071713817818591825,0.009853329623566822,1,1
1907,0.0,0.0005,1,1
1908,0.004353542853269837,0.007937313171761141,1,1
1909,0.048646282342810966,0.032608060249178325,0,1
1910,0.008423412500831671,0.02607007888899116,1,1
1911,0.017441515493473822,0.02764807322969953,1,1
1912,0.0029869227362211183,0.005295106176200135,1,1
1913,0.007250095939650967,0.011086062090903487,1,1
1914,0.01544631125618326,0.026739338779221074,1,1
1915,0.004363566681541461,0.02365273305366743,1,1
1916,0.0036002001418616843,0.011293709589269679,1,1
1917,0.0026607855695203026,0.007592598580219708,1,1
1918,0.004445893796848906,0.02041407313999006,1,1
1919,0.03457303001684991,0.04366807642575937,1,1
1920,0.004739095321002849,0.00919247210061583,1,1
1921,0.005194399669401061,0.02004201187040021,1,1
1922,0.004651995831234836,0.01685898398809392,1,1
1923,0.015675512905367846,0.025012446771829757,1,1
1924,0.01118472851241847,0.013186343625818766,1,1
1925,0.00794086778741684,0.03270858824639029,1,1
1926,0.002349208886086531,0.016272277619379258,1,1
1927,0.015315630798102692,0.034219827669117846,1,1
1928,0.0021793061536837855,0.006548444999403727,1,1
1929,0.014847429376793474,0.03410158645875145,1,1
1930,0.03220644739356479,0.04520717191411536,1,1
1931,0.017899081286354694,0.021871319328152027,1,1
1932,0.005208499789359655,0.03156393976952819,1,1
1933,0.0029263573243430113,0.01357441604874685,1,1
1934,0.014048850885954629,0.017627364147759554,1,1
1935,0.005373192199846842,0.026455226729070486,1,1
1936,0.005628551092062629,0.025985197079189153,1,1
1937,0.009210966840034225,0.016979331591878317,1,1
1938,0.00812795022414941,0.010693929562404331,1,1
1939,0.01744912851682067,0.032876784374317104,1,1
1940,0.005195003538357122,0.01600146983630665,1,1
1941,0.00330928867133101,0.004300234950056003,1,1
1942,0.020127352513595223,0.05701902027055685,1,1
1943,0.005086568283462818,0.015249948915712205,1,1
1944,0.02388346193370078,0.0253349174531506,1,1
1945,0.009007719066687968,0.03262509131052376,1,1
1946,0.006415085261597683,0.009533383889783314,1,1
1947,0.010998078715007393,0.019286796961064143,1,1
1948,0.010584547808113423,0.02546112538921277,1,1
1949,0.0048403215939357555,0.01265984508888494,1,1
1950,0.003953905948030379,0.00758238020179152,1,1
1951,0.005455505635457328,0.015084494907351526,1,1
1952,0.005184750777152183,0.013545389013362375,1,1
1953,0.004497423502609405,0.018086658152131715,1,1
1954,0.02087048964063208,0.0259718564053431,1,1
1955,0.005732628239876307,0.025181750813469364,1,1
1956,0.005828280492923815,0.023369371784622357,1,1
1957,0.008103331897084915,0.010916660249108168,1,1
1958,0.02891254238689145,0.03924092152847139,1,1
1959,0.0031617625430113883,0.0192538102170665,1,1
1960,0.002770053779001369,0.011398131343811214,1,1
1961,0.0030352982166342323,0.010355129675751237,1,1
1962,0.005201260251490555,0.019921855590600758,1,1
1963,0.008670922845163038,0.015672285433513886,1,1
1964,0.007564184371078973,0.021422688425179456,1,1
1965,0.003102644449196597,0.0192405802462476,1,1
1966,0.0,0.0005,1,1
1967,0.0063853218843981496,0.026221585820594494,1,1
1968,0.001988768555222565,0.009881673391188036,1,1
1969,0.004050970808654839,0.005709955142573239,1,1
1970,0.023558974960046455,0.02446912661137049,1,1
1971,0.009883685301475346,0.029249123730135586,1,1
1972,0.014164796717496302,0.023361048121000202,1,1
1973,0.007793913744350497,0.021821502473973246,1,1
1974,0.020214005458607215,0.029461820196607716,1,1
1975,0.0017591307503211666,0.008820587293545977,1,1
1976,0.009005043114310387,0.021436655014223167,1,1
1977,0.020288529055638955,0.03759914245590054,1,1
1978,0.01117560464713335,0.03396298721711292,1,1
1979,0.0038442341441757627,0.00778191171700808,1,1
1980,0.008759466224444646,0.0229294934368949,1,1
1981,0.013494759462193534,0.0180237073923158,1,1
1982,0.013688424828041197,0.018134576511172527,1,1
1983,0.008739497662358223,0.020322204120424483,1,1
1984,0.010100504867442111,0.02128740178726961,1,1
1985,0.007675003699006171,0.022266569501514562,1,1
1986,0.01011667014453487,0.02620923791908937,1,1
1987,0.020893851697540874,0.030098251180935346,1,1
1988,0.011641532837087618,0.015393121328303724,1,1
1989,0.001534312615691252,0.01627564456553019,1,1
1990,0.0011146112747073618,0.004162294188324187,1,1
1991,0.038903028691877,0.05837766892275752,1,1
1992,0.004592432517958952,0.015142137936377443,1,1
1993,0.011812951387809204,0.00852884892690528,0,1
1994,0.011404320542233837,0.009097751822803823,0,1
1995,0.029431741568010195,0.022676599478173402,0,1
1996,0.0029585803007948076,0.008982207827643876,1,1
1997,0.006620019654882111,0.023010284375894786,1,1
1998,0.019372011647894278,0.032353842649379315,1,1
1999,0.008182447208414855,0.028438710894299016,1,1
